B25091_001E,B25091_002E,B25091_003E,B25091_004E,B25091_005E,B25091_006E,B25091_007E,B25091_008E,B25091_009E,B25091_010E,B25091_011E,B25091_012E,B25091_013E,B25091_014E,B25091_015E,B25091_016E,B25091_017E,B25091_018E,B25091_019E,B25091_020E,B25091_021E,B25091_022E,B25091_023E,state,county,county subdivision
15124,9503,692,1662,1713,1762,1015,670,499,497,944,49,5621,2141,1047,583,524,348,166,133,194,464,21,36,001,01000
1064,642,44,81,125,97,60,52,14,44,125,0,422,163,100,46,42,6,26,11,5,23,0,36,001,06211
10413,7119,550,1135,1659,1364,879,456,255,297,492,32,3294,1531,685,364,188,96,154,29,65,171,11,36,001,06354
2090,1365,42,154,221,271,212,108,65,94,193,5,725,280,110,91,33,59,26,0,39,49,38,36,001,16694
3095,1934,237,252,310,297,198,130,100,146,264,0,1161,462,277,89,48,52,54,34,111,34,0,36,001,16749
22276,14047,1334,2526,3008,2436,1234,671,876,604,1350,8,8229,3574,1882,984,509,287,276,184,104,323,106,36,001,17343
332,219,24,37,35,49,55,0,0,0,19,0,113,35,46,32,0,0,0,0,0,0,0,36,001,30532
9499,6007,391,1155,1357,1196,642,355,184,377,341,9,3492,1589,709,369,211,163,125,51,152,111,12,36,001,31104
845,526,15,88,132,116,69,20,32,42,12,0,319,101,57,73,16,19,31,4,7,11,0,36,001,40002
2891,1867,159,246,471,232,204,179,56,141,163,16,1024,406,253,48,97,55,46,22,4,93,0,36,001,50672
674,358,14,57,52,83,33,15,14,34,56,0,316,88,65,50,44,12,18,12,2,25,0,36,001,61181
1713,1053,42,175,217,152,179,66,35,93,89,5,660,300,132,75,41,30,22,14,8,38,0,36,001,78674
1263,804,74,133,252,115,77,120,0,10,23,0,459,149,91,70,23,12,60,26,0,28,0,36,001,79851
360,175,27,24,25,33,9,11,4,12,30,0,185,85,40,25,9,0,18,0,5,3,0,36,003,01209
167,71,0,7,15,5,9,6,11,5,7,6,96,44,19,10,3,4,4,2,2,7,1,36,003,01319
265,106,6,34,35,0,10,11,4,0,6,0,159,49,30,40,9,7,2,5,8,9,0,36,003,01429
517,225,19,50,54,45,11,12,12,7,14,1,292,109,97,41,16,14,0,8,7,0,0,36,003,01451
657,331,36,110,69,23,26,24,4,9,30,0,326,128,76,40,21,3,16,0,3,34,5,36,003,02011
534,248,34,52,43,41,16,17,39,3,3,0,286,143,48,12,24,9,8,7,17,10,8,36,003,02154
445,214,24,34,45,21,20,13,16,12,29,0,231,89,44,35,14,15,16,2,4,12,0,36,003,02187
516,262,25,63,50,47,22,6,13,19,17,0,254,92,77,13,18,21,3,3,20,7,0,36,003,05573
89,38,1,5,7,4,3,6,5,2,5,0,51,21,3,5,0,11,2,0,2,3,4,36,003,06717
633,331,41,66,81,50,14,10,3,16,50,0,302,110,63,47,26,15,17,2,7,8,7,36,003,07201
410,234,6,28,85,21,26,8,14,19,27,0,176,41,41,34,17,2,5,12,2,17,5,36,003,11253
437,224,26,36,54,35,13,36,0,13,7,4,213,82,38,33,14,11,16,19,0,0,0,36,003,12243
230,120,11,24,25,12,12,10,0,11,15,0,110,37,25,15,7,11,5,0,2,6,2,36,003,13475
328,162,12,29,33,32,22,5,0,16,13,0,166,72,27,27,8,2,18,3,0,6,3,36,003,15990
1051,615,83,148,91,74,56,45,18,62,38,0,436,177,59,111,14,10,33,0,4,19,9,36,003,19367
574,184,0,35,21,22,16,28,11,16,35,0,390,101,86,62,53,45,10,6,0,5,22,36,003,27705
511,225,7,52,62,9,27,15,0,14,39,0,286,107,73,33,23,20,19,6,5,0,0,36,003,28563
196,89,17,11,8,20,4,18,7,0,4,0,107,31,35,10,6,2,0,0,3,20,0,36,003,29905
210,105,17,16,17,12,4,5,16,12,6,0,105,40,25,5,11,3,8,0,9,4,0,36,003,30994
570,256,18,42,47,27,32,23,7,16,44,0,314,123,68,34,22,21,17,7,4,18,0,36,003,36112
418,214,24,43,60,30,6,10,0,6,35,0,204,84,37,30,14,12,3,0,0,24,0,36,003,37297
272,123,4,18,43,11,12,7,12,6,10,0,149,23,30,48,10,15,2,2,15,4,0,36,003,50375
0,0,0,0,0,0,0,0,0,0,0,0,0,0,0,0,0,0,0,0,0,0,0,36,003,54523
374,254,20,55,48,30,46,15,9,12,11,8,120,35,3,15,15,14,3,4,7,24,0,36,003,64166
534,243,22,61,72,17,15,14,2,15,25,0,291,114,64,47,37,14,3,0,0,6,6,36,003,65772
126,72,11,13,9,15,5,6,1,4,8,0,54,12,16,6,3,6,3,2,3,0,3,36,003,78201
1946,1008,89,310,158,90,90,65,47,80,73,6,938,444,241,90,51,55,11,17,9,20,0,36,003,79103
117,54,2,10,10,8,18,2,0,0,4,0,63,20,18,7,7,3,0,1,2,5,0,36,003,79202
465,200,40,55,26,28,13,0,6,19,13,0,265,77,56,46,20,15,7,15,20,9,0,36,003,82095
382,168,18,50,31,9,16,11,5,8,20,0,214,62,34,36,28,9,18,0,11,9,7,36,003,82623
93569,56795,4512,5381,6211,6376,5331,4539,3392,5421,15361,271,36774,16047,4694,3498,2247,2101,1382,1039,1375,3929,462,36,005,08510
931,488,42,75,153,49,43,41,4,23,58,0,443,176,85,37,27,14,36,13,23,32,0,36,007,04429
8948,4884,402,797,966,715,344,355,452,176,624,53,4064,1407,803,597,301,246,174,84,205,228,19,36,007,06607
1733,1028,142,171,186,226,82,43,61,37,71,9,705,246,149,152,56,40,19,8,1,32,2,36,007,06618
3522,2153,171,446,489,366,189,133,121,87,151,0,1369,631,275,147,125,18,40,18,31,84,0,36,007,15110
1577,637,45,190,14,73,81,18,88,22,67,39,940,508,143,79,27,58,27,36,11,38,13,36,007,17046
1693,1004,55,263,80,192,166,115,75,26,32,0,689,263,191,68,71,0,0,48,17,31,0,36,007,17772
1426,944,41,163,297,141,128,68,13,35,58,0,482,182,139,62,25,11,16,0,28,19,0,36,007,20588
2327,1235,140,185,213,195,173,41,120,49,112,7,1092,372,292,108,98,53,35,44,30,60,0,36,007,25604
1508,726,94,136,204,102,55,59,0,64,12,0,782,318,114,96,119,0,44,0,28,63,0,36,007,39837
860,385,19,85,72,52,50,37,5,15,50,0,475,130,152,66,36,22,12,7,14,30,6,36,007,42653
1518,804,97,136,208,101,27,99,55,40,41,0,714,289,126,80,73,45,29,43,29,0,0,36,007,44611
484,232,12,36,40,58,11,13,20,17,25,0,252,107,71,30,0,8,5,10,7,14,0,36,007,49396
748,342,48,56,39,32,11,33,31,61,31,0,406,127,91,39,28,35,8,8,11,54,5,36,007,65112
858,429,29,150,58,66,76,6,9,5,30,0,429,158,109,62,20,25,26,5,5,19,0,36,007,75319
14419,8351,757,1926,1613,1329,908,487,286,307,715,23,6068,2415,1405,805,379,259,116,168,210,279,32,36,007,76056
6785,3748,318,708,743,464,365,391,179,169,411,0,3037,1258,725,325,223,134,106,6,102,123,35,36,007,77255
2138,1298,95,204,299,272,92,151,56,63,50,16,840,342,121,156,55,31,32,32,5,66,0,36,007,82535
2042,1040,120,181,215,186,105,43,35,51,104,0,1002,301,194,138,133,22,44,71,17,73,9,36,009,01297
274,74,8,22,15,4,0,11,7,3,4,0,200,98,46,7,17,22,3,0,4,3,0,36,009,01308
738,355,30,80,82,22,35,32,10,30,34,0,383,68,114,65,30,31,8,37,13,17,0,36,009,02759
479,242,36,69,51,27,28,7,0,2,22,0,237,81,49,24,23,22,6,14,3,15,0,36,009,12661
72,27,0,0,0,0,0,10,0,10,7,0,45,21,8,0,0,8,0,0,0,8,0,36,009,13035
231,90,13,2,25,15,7,8,0,2,18,0,141,53,34,14,5,7,16,8,0,4,0,36,009,16903
446,163,4,33,38,22,11,12,0,2,41,0,283,132,51,5,19,10,16,7,3,27,13,36,009,17684
586,299,19,81,59,44,38,10,11,7,30,0,287,116,40,53,35,6,1,8,11,17,0,36,009,19840
355,181,20,33,31,30,15,8,9,10,25,0,174,87,29,24,6,4,7,3,0,14,0,36,009,22678
476,241,12,77,27,49,17,12,3,22,22,0,235,93,32,39,10,9,10,4,9,22,7,36,009,24031
391,200,12,24,36,45,27,5,11,16,24,0,191,44,28,28,29,19,20,4,9,10,0,36,009,25340
891,454,29,143,97,76,37,14,27,4,27,0,437,163,64,63,67,24,10,3,0,39,4,36,009,27342
791,411,8,108,87,32,17,65,27,27,40,0,380,89,76,72,38,36,30,10,0,25,4,36,009,27441
822,357,26,82,67,59,5,34,30,21,33,0,465,160,87,74,14,22,16,9,29,54,0,36,009,30257
659,309,9,74,31,68,26,19,13,27,42,0,350,105,71,59,37,17,22,5,6,28,0,36,009,34946
275,142,16,27,24,19,22,2,5,5,22,0,133,51,37,10,2,6,2,7,3,15,0,36,009,36123
294,151,3,19,55,14,19,8,9,2,19,3,143,29,28,27,15,12,2,4,7,17,2,36,009,37825
244,121,0,35,29,11,11,10,0,9,16,0,123,42,19,18,9,10,10,0,3,12,0,36,009,41982
456,232,15,59,57,34,28,6,5,0,28,0,224,80,73,19,30,8,6,2,3,3,0,36,009,42840
261,131,5,13,15,16,10,25,7,13,27,0,130,30,19,18,12,15,3,6,3,18,6,36,009,43896
670,347,16,38,97,63,29,33,9,10,52,0,323,113,63,50,49,16,0,10,7,15,0,36,009,44237
300,174,3,34,24,34,27,18,2,13,19,0,126,49,16,20,22,0,3,0,6,10,0,36,009,45161
375,155,6,21,35,30,17,9,10,3,24,0,220,106,53,17,7,9,0,7,7,14,0,36,009,49462
659,265,3,56,79,17,36,23,6,10,35,0,394,143,51,41,57,31,4,17,27,23,0,36,009,49880
0,0,0,0,0,0,0,0,0,0,0,0,0,0,0,0,0,0,0,0,0,0,0,36,009,54523
3247,1762,181,488,493,271,149,32,17,37,94,0,1485,550,394,158,143,88,31,33,49,39,0,36,009,54716
708,358,22,43,96,58,37,32,11,6,49,4,350,131,81,51,24,0,8,22,12,21,0,36,009,54727
287,172,3,36,33,34,16,2,10,3,35,0,115,48,16,21,4,0,0,0,4,11,11,36,009,55783
503,286,18,54,68,54,25,20,9,23,15,0,217,89,47,18,13,28,2,8,0,10,2,36,009,57298
662,385,26,77,91,53,61,14,24,14,25,0,277,117,62,33,44,10,6,5,0,0,0,36,009,57331
1113,575,59,130,147,162,53,0,3,15,6,0,538,289,97,62,13,11,27,11,0,9,19,36,009,59509
659,370,32,91,113,42,32,12,5,23,20,0,289,102,34,45,32,18,17,3,0,30,8,36,009,60587
8,2,0,2,0,0,0,0,0,0,0,0,6,2,2,1,1,0,0,0,0,0,0,36,009,60950
1154,567,86,88,130,63,44,33,25,47,48,3,587,242,110,92,25,39,23,10,15,29,2,36,009,64749
174,63,0,21,11,1,4,3,6,7,10,0,111,54,19,12,6,7,0,0,5,6,2,36,009,64760
150,74,3,14,4,10,7,8,3,11,13,1,76,32,7,20,5,7,0,0,0,5,0,36,009,69870
1154,693,34,91,117,88,50,92,47,56,118,0,461,236,48,61,26,3,9,22,29,19,8,36,009,84055
0,0,0,0,0,0,0,0,0,0,0,0,0,0,0,0,0,0,0,0,0,0,0,36,011,00000
5317,3019,199,614,590,481,323,190,142,107,359,14,2298,769,560,343,155,135,72,106,58,100,0,36,011,03078
929,488,71,63,123,56,51,42,19,27,36,0,441,179,73,78,30,3,18,0,21,32,7,36,011,03166
1344,786,43,143,130,101,104,39,25,37,155,9,558,221,97,75,35,65,9,21,7,28,0,36,011,10297
833,517,21,108,107,89,49,23,30,16,70,4,316,158,71,8,30,8,5,9,1,21,5,36,011,12969
583,351,20,68,93,34,35,25,4,12,53,7,232,100,55,28,18,9,3,0,5,14,0,36,011,17849
989,544,17,96,92,122,73,46,13,46,39,0,445,162,128,40,25,60,10,0,0,20,0,36,011,26231
538,298,25,62,75,47,19,19,6,18,27,0,240,116,45,34,7,4,7,13,3,11,0,36,011,28673
707,468,33,108,87,62,50,58,18,12,40,0,239,113,52,22,19,2,3,12,4,12,0,36,011,37660
465,256,21,23,77,21,41,36,3,20,14,0,209,90,49,12,21,15,3,12,3,4,0,36,011,41740
575,295,17,81,59,70,11,17,11,2,27,0,280,105,55,38,23,29,3,9,8,10,0,36,011,43071
753,421,22,60,116,76,56,23,9,16,40,3,332,103,96,57,30,13,0,2,5,23,3,36,011,46602
402,253,13,56,61,28,29,3,7,30,26,0,149,56,39,28,10,6,0,1,2,7,0,36,011,48131
785,522,48,127,120,68,64,20,32,20,23,0,263,102,58,36,15,3,20,9,2,18,0,36,011,48307
441,243,15,22,56,42,37,8,22,14,27,0,198,60,35,38,14,16,3,7,15,8,2,36,011,51198
1442,846,75,210,163,125,70,35,23,36,109,0,596,226,150,58,35,46,38,15,0,28,0,36,011,55871
520,345,45,67,59,70,48,20,17,10,9,0,175,90,28,15,11,0,12,3,0,13,3,36,011,65816
306,167,7,29,40,42,9,7,9,9,15,0,139,53,27,22,17,6,0,4,0,10,0,36,011,66278
1187,704,38,172,179,79,73,78,28,7,42,8,483,108,83,116,51,45,19,19,31,11,0,36,011,66443
705,379,37,89,74,33,29,47,18,4,44,4,326,172,60,22,22,11,4,8,0,12,15,36,011,70376
1058,562,31,107,148,83,11,53,37,15,71,6,496,171,127,78,38,13,6,15,13,10,25,36,011,71146
412,204,23,21,53,29,16,35,4,11,12,0,208,88,33,27,14,6,8,3,15,11,3,36,011,72037
734,436,23,50,124,78,56,25,8,28,44,0,298,85,109,33,15,10,17,9,6,11,3,36,011,73770
393,222,29,26,61,32,30,15,0,8,21,0,171,69,37,22,3,0,8,9,10,13,0,36,011,77024
575,348,24,56,81,45,37,35,4,36,30,0,227,98,54,16,13,10,8,7,6,13,2,36,011,77420
0,0,0,0,0,0,0,0,0,0,0,0,0,0,0,0,0,0,0,0,0,0,0,36,013,00000
354,193,12,29,41,26,39,13,2,9,18,4,161,68,24,19,9,13,9,9,0,10,0,36,013,02605
2513,1283,123,266,273,186,118,76,62,70,101,8,1230,471,242,143,71,83,98,42,43,37,0,36,013,11451
1353,596,70,176,72,34,156,34,0,54,0,0,757,223,221,50,72,38,0,26,55,72,0,36,013,12639
7,0,0,0,0,0,0,0,0,0,0,0,7,0,0,0,0,0,0,0,0,7,0,36,013,13035
573,257,8,44,55,27,38,28,19,9,29,0,316,117,51,48,12,25,6,0,18,39,0,36,013,13860
1403,678,94,106,139,86,70,20,8,39,116,0,725,336,118,69,43,47,19,18,23,27,25,36,013,14069
0,0,0,0,0,0,0,0,0,0,0,0,0,0,0,0,0,0,0,0,0,0,0,36,013,14072
299,133,5,20,42,12,11,10,11,4,18,0,166,60,32,28,14,6,4,6,2,12,2,36,013,15198
446,245,12,27,75,44,11,25,29,0,22,0,201,107,39,19,28,0,0,5,3,0,0,36,013,16595
3005,1507,138,356,318,243,108,93,69,117,65,0,1498,507,359,182,128,126,17,7,84,88,0,36,013,21105
388,208,42,50,54,12,12,6,3,4,25,0,180,47,55,35,5,7,8,7,7,9,0,36,013,21116
1735,939,89,188,151,197,108,30,56,24,96,0,796,248,138,41,143,98,31,9,41,45,2,36,013,23976
2663,1435,242,345,354,86,142,55,49,55,107,0,1228,540,206,211,116,49,25,30,20,25,6,36,013,23998
513,269,25,17,79,53,21,20,5,12,37,0,244,87,48,36,14,12,3,4,10,17,13,36,013,24053
273,137,14,35,32,26,4,13,1,2,3,7,136,48,36,23,12,2,1,6,2,4,2,36,013,27606
578,305,19,65,46,56,40,38,8,21,12,0,273,153,63,24,14,4,6,4,5,0,0,36,013,28838
2150,1215,63,288,268,148,146,90,27,24,161,0,935,365,182,95,63,66,41,21,39,52,11,36,013,32050
717,378,14,53,85,93,67,20,7,18,21,0,339,152,60,46,17,29,5,0,11,19,0,36,013,32248
6384,3513,461,911,609,404,272,204,124,172,337,19,2871,1204,513,266,278,111,59,78,83,262,17,36,013,38264
528,279,21,59,75,36,28,13,5,12,30,0,249,116,36,33,19,14,5,9,0,17,0,36,013,39507
334,147,0,27,27,50,12,7,10,6,8,0,187,61,32,22,15,9,18,7,6,17,0,36,013,47592
714,368,33,46,88,21,46,14,5,68,47,0,346,129,98,46,22,8,9,0,5,29,0,36,013,52155
750,348,21,101,78,57,14,20,19,4,34,0,402,146,109,43,31,5,0,8,16,38,6,36,013,58926
3431,1844,188,344,412,338,101,114,75,152,120,0,1587,504,271,311,84,128,102,82,38,60,7,36,013,58981
1214,611,61,68,101,117,43,62,44,19,96,0,603,150,115,59,68,44,27,27,11,92,10,36,013,59421
767,431,16,108,104,92,6,11,34,34,26,0,336,116,89,27,40,14,22,0,3,13,12,36,013,61885
956,601,35,110,135,70,91,45,27,30,58,0,355,144,76,32,21,26,15,10,7,24,0,36,013,66916
442,240,25,42,45,36,17,11,8,14,42,0,202,71,54,24,16,2,15,4,7,2,7,36,013,66960
578,348,33,86,67,69,19,31,0,13,30,0,230,78,47,48,29,5,6,11,0,6,0,36,013,71476
333,167,24,19,23,9,33,6,17,6,30,0,166,65,18,40,6,6,11,8,2,10,0,36,013,77530
1487,727,100,113,211,97,40,87,13,17,43,6,760,290,208,58,68,0,18,14,14,74,16,36,013,79950
555,218,35,32,58,21,14,12,12,24,10,0,337,105,69,42,37,16,15,6,12,21,14,36,015,02781
328,172,24,23,41,28,20,20,2,6,8,0,156,57,18,17,14,10,2,14,14,10,0,36,015,04132
2767,1797,155,478,372,226,183,58,121,112,92,0,970,352,243,151,108,16,33,15,26,12,14,36,015,06475
840,508,63,118,79,104,49,53,4,13,25,0,332,151,46,39,22,23,27,5,3,16,0,36,015,12947
813,415,52,74,76,108,11,22,43,12,17,0,398,170,82,48,25,22,6,6,11,28,0,36,015,15077
4609,2906,398,605,553,420,319,162,147,91,203,8,1703,665,313,195,167,110,35,39,49,115,15,36,015,24229
2607,1628,270,293,376,247,147,70,12,77,136,0,979,419,297,84,68,36,0,0,0,57,18,36,015,24240
772,383,49,79,78,60,52,25,6,15,19,0,389,140,85,31,32,23,17,4,14,31,12,36,015,24636
5395,3473,471,752,705,520,520,189,60,95,161,0,1922,900,411,196,128,110,35,30,13,91,8,36,015,35705
3342,1870,176,512,398,333,23,108,38,113,156,13,1472,602,281,295,133,21,18,24,7,77,14,36,015,69617
523,286,23,52,68,44,26,23,6,20,24,0,237,78,39,35,21,17,11,13,11,12,0,36,015,76892
1264,693,5,163,137,66,11,128,0,15,168,0,571,288,109,52,67,4,2,30,13,1,5,36,015,77310
1003,499,26,82,113,100,88,9,5,24,52,0,504,109,93,81,91,33,56,3,10,24,4,36,017,00353
942,530,27,123,57,78,61,96,21,24,43,0,412,156,77,81,26,28,2,29,10,3,0,36,017,04044
314,147,0,24,13,22,8,31,13,16,20,0,167,63,23,26,23,3,7,4,8,10,0,36,017,17486
516,227,9,28,43,42,25,25,8,11,36,0,289,120,57,30,8,9,8,14,10,30,3,36,017,18619
148,79,7,21,12,9,3,11,4,7,5,0,69,17,15,6,5,5,7,2,1,11,0,36,017,28739
1649,934,91,180,213,170,62,109,10,17,82,0,715,233,169,80,103,38,22,10,23,34,3,36,017,30422
1110,570,30,72,139,81,58,43,38,10,99,0,540,154,41,29,42,98,41,26,9,67,33,36,017,31148
125,45,9,9,10,9,2,2,0,3,1,0,80,31,21,9,4,3,5,0,4,3,0,36,017,42411
322,138,14,15,18,14,19,0,13,12,30,3,184,76,34,13,15,6,12,2,13,11,2,36,017,44127
909,413,40,55,109,66,32,42,4,12,41,12,496,118,84,94,101,17,22,7,11,22,20,36,017,49957
599,278,30,54,68,48,29,9,9,4,27,0,321,122,46,35,20,30,12,11,17,28,0,36,017,53297
1371,837,77,189,217,82,118,20,22,30,82,0,534,223,126,99,19,16,4,12,0,35,0,36,017,53979
1199,535,83,136,143,7,57,47,25,23,14,0,664,328,139,53,90,15,11,8,8,12,0,36,017,53990
278,128,20,51,22,17,8,5,0,0,5,0,150,39,41,25,11,2,8,13,6,4,1,36,017,55717
1237,612,34,121,111,149,52,38,26,32,49,0,625,231,118,114,30,55,40,16,6,15,0,36,017,55959
246,90,7,22,20,14,9,5,9,3,1,0,156,40,44,55,1,4,4,2,0,4,2,36,017,57507
216,92,5,15,25,16,5,3,2,8,13,0,124,38,34,18,8,6,0,2,9,9,0,36,017,58288
621,261,29,68,27,26,33,23,19,16,20,0,360,112,62,54,47,11,9,6,6,53,0,36,017,58772
369,176,8,21,48,25,20,25,0,19,10,0,193,65,31,38,28,6,16,0,0,9,0,36,017,59817
1002,601,62,125,84,73,54,53,27,74,49,0,401,164,52,36,52,38,8,14,3,34,0,36,017,66894
414,182,8,42,48,32,10,11,4,0,27,0,232,62,59,25,16,16,9,0,12,9,24,36,017,68055
378,158,15,15,33,31,24,20,8,0,12,0,220,73,50,43,16,11,3,5,8,10,1,36,017,68110
779,409,43,76,69,92,35,11,33,11,28,11,370,144,99,30,38,5,14,0,0,18,22,36,019,01583
872,490,25,109,96,68,67,45,0,24,48,8,382,163,41,69,40,12,10,3,3,20,21,36,019,03221
1976,1020,44,248,217,72,152,31,0,44,212,0,956,523,164,101,18,76,0,24,37,13,0,36,019,05485
491,153,9,25,50,22,5,18,6,10,8,0,338,154,54,48,21,14,9,7,11,17,3,36,019,06761
1782,878,74,202,122,98,101,72,11,85,113,0,904,370,221,49,53,41,39,0,59,45,27,36,019,13750
1315,798,97,163,154,108,60,76,38,46,56,0,517,282,74,17,28,16,24,24,29,23,0,36,019,14113
204,84,22,10,13,2,10,6,2,6,11,2,120,51,19,10,10,4,19,0,2,2,3,36,019,16397
455,232,7,32,42,22,26,32,6,22,43,0,223,107,62,19,3,8,3,3,0,8,10,36,019,19653
575,319,29,64,100,8,34,11,20,33,20,0,256,111,57,27,24,4,14,0,7,12,0,36,019,23921
1381,588,34,130,112,92,25,18,41,37,99,0,793,329,186,93,70,23,0,31,39,22,0,36,019,48252
1942,1113,62,135,254,227,197,50,115,11,62,0,829,371,169,128,47,39,12,16,0,47,0,36,019,57375
2937,1782,126,408,360,298,240,162,44,50,94,0,1155,596,195,148,55,15,52,23,0,62,9,36,019,58574
3699,2208,186,313,521,348,282,180,82,103,193,0,1491,551,295,182,133,82,46,54,26,102,20,36,019,58585
1354,794,36,96,230,126,62,7,100,27,110,0,560,272,120,47,16,30,0,0,45,30,0,36,019,65211
1836,923,47,261,147,144,178,25,33,38,50,0,913,371,182,113,84,67,16,15,0,20,45,36,019,65717
438,220,22,27,24,16,20,20,15,19,49,8,218,65,33,17,54,5,5,5,10,20,4,36,021,02099
548,312,23,65,28,45,32,28,17,22,52,0,236,71,40,21,26,7,12,0,3,17,39,36,021,03287
555,324,18,51,41,62,28,48,16,38,22,0,231,79,22,15,61,11,6,3,3,28,3,36,021,12056
1318,705,30,69,141,67,169,83,34,88,24,0,613,217,119,81,64,17,43,17,17,38,0,36,021,14014
1988,1101,50,163,95,268,147,35,122,65,156,0,887,152,172,186,142,62,6,17,0,150,0,36,021,16045
594,402,21,61,65,66,21,27,22,39,80,0,192,45,46,46,27,5,0,4,8,8,3,36,021,16177
974,582,44,61,175,88,38,22,49,19,86,0,392,192,53,14,17,0,39,9,14,39,15,36,021,18102
624,373,24,13,60,73,44,37,31,32,59,0,251,67,63,44,10,21,17,3,4,22,0,36,021,28068
629,300,12,48,85,36,19,29,5,34,32,0,329,91,84,40,23,10,13,17,38,13,0,36,021,28772
1534,874,67,82,251,113,117,17,37,55,135,0,660,228,130,79,71,57,21,0,14,60,0,36,021,28871
1208,524,38,100,110,80,74,33,8,31,50,0,684,232,211,71,39,39,12,23,21,36,0,36,021,30565
518,275,42,56,53,36,19,9,12,32,16,0,243,112,49,38,20,0,8,5,6,5,0,36,021,34748
977,646,34,26,166,99,20,48,55,28,154,16,331,72,62,87,0,32,25,0,9,28,16,36,021,35969
2699,1762,92,238,443,288,175,149,87,118,168,4,937,350,132,112,103,71,49,51,19,48,2,36,021,39573
1007,518,6,58,31,91,152,77,29,0,74,0,489,140,65,62,34,19,40,65,0,64,0,36,021,42917
809,390,28,41,73,63,28,40,23,13,81,0,419,88,102,67,11,31,66,15,9,30,0,36,021,50452
800,485,30,56,35,114,61,35,17,56,81,0,315,115,52,26,45,22,26,8,0,21,0,36,021,71443
668,429,36,56,90,88,24,22,16,36,58,3,239,75,49,19,24,16,8,0,17,26,5,36,021,71850
443,231,13,13,31,17,27,24,16,18,60,12,212,79,28,25,9,11,2,9,23,23,3,36,021,73077
286,153,8,35,16,27,13,11,0,6,37,0,133,38,38,19,11,3,5,12,0,7,0,36,023,15748
3107,1935,183,294,384,447,230,86,57,116,129,9,1172,366,319,127,103,60,69,0,33,89,6,36,023,18388
2402,1216,83,307,441,116,87,20,44,8,110,0,1186,400,314,155,152,21,79,9,43,13,0,36,023,18421
192,62,8,7,20,2,4,4,7,4,6,0,130,39,42,19,4,6,3,8,3,4,2,36,023,19499
202,96,4,29,18,16,9,2,3,5,10,0,106,37,15,26,4,4,5,4,5,6,0,36,023,27496
240,89,3,21,24,12,4,8,5,0,12,0,151,76,21,35,1,9,2,0,3,2,2,36,023,32160
1661,924,112,175,162,157,88,89,75,13,53,0,737,261,168,102,99,23,24,27,6,27,0,36,023,35287
252,116,12,28,25,20,8,10,0,9,4,0,136,53,29,16,11,12,3,4,4,4,0,36,023,41300
583,339,10,42,113,41,49,26,10,12,36,0,244,65,67,34,26,8,4,0,9,29,2,36,023,45403
429,210,17,62,32,26,11,10,9,5,38,0,219,67,72,17,20,17,8,0,3,15,0,36,023,59773
283,146,6,22,37,33,12,14,11,0,11,0,137,39,52,9,6,11,0,4,3,13,0,36,023,65915
330,187,24,19,33,26,35,20,6,5,19,0,143,60,42,21,13,0,0,3,0,4,0,36,023,68264
127,69,3,16,20,12,3,5,1,0,9,0,58,16,15,7,7,6,0,1,0,6,0,36,023,73220
322,155,24,41,28,14,20,14,3,3,8,0,167,61,46,7,26,11,10,0,0,6,0,36,023,75550
771,519,16,90,87,134,40,28,39,17,68,0,252,97,67,46,6,3,20,5,0,8,0,36,023,77596
324,171,9,21,48,41,25,6,1,3,17,0,153,84,31,14,8,2,4,6,0,4,0,36,023,81963
433,160,20,25,19,28,8,19,0,19,16,6,273,45,65,42,15,14,6,14,17,47,8,36,025,02132
196,100,4,15,16,22,9,11,2,8,13,0,96,42,6,10,14,3,5,0,8,8,0,36,025,07597
700,307,41,76,33,50,22,9,5,38,33,0,393,215,33,45,24,21,22,5,0,23,5,36,025,16793
834,397,33,70,46,83,89,8,23,6,39,0,437,139,84,33,32,44,35,5,13,28,24,36,025,19763
989,431,47,62,112,70,28,22,30,6,54,0,558,185,139,58,40,46,12,8,27,43,0,36,025,20137
495,249,2,33,59,32,37,29,9,5,30,13,246,102,44,25,13,11,17,3,0,27,4,36,025,20357
753,428,25,53,114,28,84,30,31,19,44,0,325,101,81,59,15,8,5,5,18,33,0,36,025,27232
406,176,30,31,13,35,13,8,7,8,31,0,230,92,52,32,9,4,3,12,8,16,2,36,025,31698
971,407,23,37,96,85,19,32,25,25,49,16,564,269,72,40,33,24,20,37,13,56,0,36,025,31951
519,269,0,36,94,41,18,9,15,1,48,7,250,69,65,35,25,17,11,8,8,12,0,36,025,32281
499,266,43,29,36,23,34,30,19,12,40,0,233,81,49,27,15,14,11,11,16,6,3,36,025,40068
453,251,35,51,23,25,16,3,24,25,49,0,202,73,44,37,6,2,3,10,7,20,0,36,025,45964
486,202,6,36,47,24,40,14,21,0,14,0,284,85,81,31,32,25,13,0,8,9,0,36,025,46624
1233,552,26,95,108,61,77,9,42,66,53,15,681,167,116,99,19,118,96,7,40,19,0,36,025,47031
738,319,23,5,83,10,34,53,50,16,45,0,419,118,105,49,14,32,8,9,22,62,0,36,025,64001
1641,844,135,180,92,210,46,27,11,34,109,0,797,236,215,118,118,17,70,12,0,11,0,36,025,67345
630,353,47,75,53,58,21,36,16,20,27,0,277,100,32,48,36,2,15,18,1,25,0,36,025,70629
344,187,20,34,41,20,22,0,16,9,7,18,157,68,41,12,12,6,0,3,4,0,11,36,025,74111
1467,754,40,117,74,129,146,49,16,80,103,0,713,217,183,85,84,31,49,18,46,0,0,36,025,78047
1093,661,53,52,144,50,76,29,42,77,138,0,432,152,54,55,31,41,39,12,9,39,0,36,027,01693
2792,1873,65,184,423,239,235,132,107,125,363,0,919,348,108,81,61,84,57,58,50,72,0,36,027,05100
3851,2987,73,357,421,411,407,338,192,298,485,5,864,281,144,136,127,10,22,17,71,56,0,36,027,05452
1265,877,29,96,137,168,114,69,89,39,136,0,388,118,54,70,8,10,34,21,44,29,0,36,027,16408
2221,1475,5,179,290,130,156,76,68,214,357,0,746,164,126,79,63,13,83,38,81,90,9,36,027,20819
8559,6472,240,874,1045,745,947,676,374,491,1068,12,2087,635,413,276,258,171,46,59,57,172,0,36,027,21996
5799,3839,109,433,841,552,594,404,288,190,424,4,1960,499,400,206,211,220,106,35,56,227,0,36,027,25978
5350,3534,170,502,629,623,295,325,238,257,487,8,1816,450,398,213,226,108,68,42,27,274,10,36,027,37209
4899,3518,101,367,587,565,361,383,226,323,605,0,1381,497,368,169,60,43,58,26,52,86,22,36,027,40299
752,474,29,65,86,65,21,9,37,24,138,0,278,65,73,46,35,10,5,0,18,26,0,36,027,47207
709,456,30,42,87,71,49,18,35,51,73,0,253,68,40,37,39,22,3,9,2,33,0,36,027,51891
2319,1654,44,144,302,204,247,111,140,120,333,9,665,131,165,108,44,70,14,28,14,76,15,36,027,56825
725,406,6,12,69,153,76,7,16,39,28,0,319,86,83,63,12,24,9,16,0,26,0,36,027,58156
2706,1833,61,124,232,375,257,172,215,201,196,0,873,250,184,128,104,40,23,9,31,100,4,36,027,58695
4439,3017,99,266,344,425,273,364,450,292,497,7,1422,317,219,246,137,109,88,57,54,178,17,36,027,59641
10468,7041,222,783,1057,1334,1037,809,292,567,928,12,3427,953,502,612,312,246,151,118,187,320,26,36,027,59652
2657,1645,51,222,226,208,294,125,123,141,255,0,1012,253,179,157,97,103,46,5,48,106,18,36,027,60905
2086,1221,110,83,220,236,87,112,52,76,245,0,865,240,167,112,104,29,37,34,44,92,6,36,027,61357
1110,670,71,82,114,150,90,24,58,22,59,0,440,113,109,95,42,9,22,5,10,26,9,36,027,70662
1533,1038,40,125,204,204,66,125,98,45,115,16,495,172,101,66,50,28,0,11,21,46,0,36,027,76166
6921,4897,209,372,898,713,740,422,341,425,767,10,2024,435,495,292,212,128,66,83,107,190,16,36,027,78157
1251,694,47,100,80,102,79,50,34,72,130,0,557,194,112,37,30,12,47,25,22,75,3,36,027,78388
0,0,0,0,0,0,0,0,0,0,0,0,0,0,0,0,0,0,0,0,0,0,0,36,029,00000
2671,1727,112,417,372,305,207,126,46,27,115,0,944,413,187,141,47,30,47,3,23,43,10,36,029,01099
35438,23129,2433,4716,5352,3612,2383,1111,764,891,1788,79,12309,5196,2740,1341,748,493,391,367,162,758,113,36,029,02000
4403,2752,83,516,493,527,282,325,98,185,239,4,1651,595,280,253,80,74,120,7,92,121,29,36,029,03199
2641,1512,77,323,363,288,132,79,48,76,116,10,1129,433,224,170,47,30,80,10,57,70,8,36,029,07454
720,406,36,74,94,75,33,23,6,6,59,0,314,124,49,48,22,17,19,2,6,4,23,36,029,07894
45394,26216,3169,5770,5083,3232,1970,1406,1024,1326,3080,156,19178,7952,3580,2208,1465,977,524,459,520,1216,277,36,029,11000
587,156,4,13,26,17,19,11,0,24,42,0,431,175,92,36,29,0,0,11,24,20,44,36,029,13035
27776,16593,1302,3155,3947,2350,1695,1179,639,822,1458,46,11183,3549,2610,1566,994,740,441,334,370,421,158,36,029,15011
9781,6385,592,979,1730,1084,610,313,209,313,555,0,3396,1633,718,382,158,90,142,20,55,183,15,36,029,15825
1198,870,67,205,206,91,56,50,47,36,112,0,328,140,117,26,15,15,8,0,7,0,0,36,029,16870
1267,732,55,174,143,148,53,67,35,7,45,5,535,262,99,43,13,37,13,17,9,42,0,36,029,17200
2610,1675,149,276,496,165,196,134,40,84,135,0,935,346,208,157,53,33,28,41,10,59,0,36,029,17585
2681,1645,87,335,381,228,125,137,79,149,124,0,1036,377,290,107,68,35,26,16,49,68,0,36,029,23415
4191,2479,201,425,612,430,216,88,181,107,219,0,1712,714,290,211,154,68,107,34,86,37,11,36,029,24130
5568,3383,302,799,775,447,308,184,190,117,235,26,2185,756,382,233,162,122,127,74,118,176,35,36,029,24801
6444,4537,281,697,1059,1007,394,212,127,166,594,0,1907,733,444,240,194,96,75,56,28,15,26,36,029,29828
17747,11911,1161,2267,2939,1983,1188,740,464,335,814,20,5836,2136,1238,687,489,279,185,211,148,374,89,36,029,31654
1214,722,34,106,123,126,101,84,35,17,96,0,492,162,86,89,16,62,21,0,23,33,0,36,029,35122
4012,2127,172,487,361,280,132,225,38,253,179,0,1885,610,333,245,152,73,63,64,154,155,36,36,029,40189
13227,8908,678,1788,2158,1504,1039,646,217,283,595,0,4319,1686,952,681,298,149,207,125,80,102,39,36,029,41146
1979,1221,74,284,235,238,111,147,31,0,101,0,758,205,300,116,28,50,30,14,0,15,0,36,029,45601
2814,1463,203,319,257,310,93,81,62,87,37,14,1351,440,246,254,69,82,30,7,77,130,16,36,029,50716
1079,698,64,177,109,122,94,36,20,26,50,0,381,123,75,47,35,15,19,47,4,16,0,36,029,51803
8958,5956,524,1418,1094,1144,533,373,229,210,403,28,3002,1353,603,309,257,138,127,86,31,66,32,36,029,55277
921,589,24,104,172,70,37,46,37,26,62,11,332,131,55,28,46,28,0,5,3,10,26,36,029,65277
4967,2928,251,606,679,554,208,189,89,95,257,0,2039,683,477,307,166,75,78,95,59,99,0,36,029,74166
23455,15138,1206,3368,3424,2448,1366,833,490,794,1194,15,8317,3143,1970,993,570,535,377,177,196,262,94,36,029,75000
1,0,0,0,0,0,0,0,0,0,0,0,1,1,0,0,0,0,0,0,0,0,0,36,029,75011
1083,732,29,139,163,103,158,38,8,28,43,23,351,211,41,7,26,46,0,0,0,13,7,36,029,77871
14988,9292,654,1988,2157,1620,1119,428,389,348,563,26,5696,1942,1239,736,437,324,164,268,130,433,23,36,029,80918
865,475,40,112,115,90,54,26,8,7,23,0,390,141,87,75,38,16,4,0,0,29,0,36,031,15330
635,299,17,49,58,43,19,7,9,25,72,0,336,126,94,11,28,8,26,9,21,8,5,36,031,19246
332,199,21,64,22,26,10,33,8,9,4,2,133,30,33,25,9,4,16,3,0,13,0,36,031,23833
229,76,13,16,10,8,7,8,0,3,11,0,153,57,25,37,8,9,0,6,5,6,0,36,031,24768
882,484,33,52,132,105,56,12,9,38,47,0,398,177,27,81,43,11,22,5,22,10,0,36,031,38396
366,148,21,6,22,19,22,9,10,3,36,0,218,82,57,21,26,3,8,17,0,4,0,36,031,39067
406,187,19,25,54,20,21,15,13,8,12,0,219,122,35,36,8,10,0,0,0,8,0,36,031,42114
231,93,9,12,17,16,9,9,7,4,10,0,138,38,28,20,7,3,12,0,9,17,4,36,031,47669
1285,537,22,115,190,44,17,38,18,18,75,0,748,287,200,109,47,11,42,9,17,26,0,36,031,48428
208,76,4,23,11,7,5,4,8,9,5,0,132,49,41,17,11,2,5,0,3,4,0,36,031,50144
1723,1012,73,234,266,161,90,2,21,50,101,14,711,211,164,85,61,21,42,53,8,43,23,36,031,51935
86,36,2,5,9,4,1,9,3,3,0,0,50,22,8,10,3,6,0,0,0,1,0,36,031,53077
551,294,11,54,67,25,53,27,14,18,25,0,257,94,67,10,46,11,3,11,2,13,0,36,031,64529
347,157,4,38,23,10,30,10,3,19,20,0,190,38,18,40,22,42,9,0,10,8,3,36,031,65629
1504,754,36,229,162,74,77,16,32,17,111,0,750,328,51,102,114,14,15,57,35,34,0,36,031,73891
468,229,22,40,30,36,27,24,11,8,31,0,239,50,60,31,25,16,23,0,3,22,9,36,031,80775
768,293,18,64,105,50,15,11,4,4,22,0,475,178,42,86,80,6,20,13,36,14,0,36,031,82271
430,229,12,36,64,52,26,12,7,4,16,0,201,64,46,36,7,10,15,5,4,14,0,36,031,82315
700,333,16,28,78,73,69,17,7,10,31,4,367,141,98,18,21,21,3,13,21,26,5,36,033,04319
542,210,22,56,56,22,12,2,4,10,26,0,332,159,41,36,34,10,9,6,3,19,15,36,033,05716
362,168,10,47,32,15,15,13,6,11,19,0,194,67,52,36,6,3,17,3,3,7,0,36,033,07278
214,109,1,27,9,29,8,3,7,0,25,0,105,33,13,15,6,0,16,9,0,13,0,36,033,07839
282,159,11,23,29,11,13,13,5,23,31,0,123,52,18,19,12,5,2,2,4,9,0,36,033,08213
450,222,9,72,45,35,30,6,2,5,18,0,228,89,45,27,4,13,7,10,6,14,13,36,033,11165
503,276,52,48,37,46,16,10,0,13,54,0,227,85,50,30,21,8,9,0,2,22,0,36,033,13992
480,279,37,61,44,26,35,31,5,7,30,3,201,82,40,36,8,9,2,0,6,7,11,36,033,17871
335,155,7,37,55,14,14,16,0,0,12,0,180,66,31,27,13,11,6,0,6,14,6,36,033,20610
67,32,0,4,8,0,8,6,1,0,5,0,35,17,13,3,0,0,0,0,1,1,0,36,033,20973
581,254,24,50,58,39,7,0,12,16,44,4,327,121,58,37,22,17,7,8,21,27,9,36,033,26737
449,221,28,41,42,63,8,3,6,4,26,0,228,70,34,36,17,14,12,22,14,9,0,36,033,27243
1414,820,18,140,200,127,112,59,53,59,52,0,594,251,122,40,42,23,37,9,41,29,0,36,033,32314
2752,1519,81,302,349,305,152,118,22,12,167,11,1233,490,151,83,170,72,30,47,37,153,0,36,033,44721
957,468,40,100,157,60,31,20,18,6,22,14,489,319,77,25,25,15,13,0,0,15,0,36,033,47933
1061,254,29,35,112,35,0,0,0,0,43,0,807,175,162,106,0,26,91,102,44,101,0,36,033,64727
131,54,5,15,12,4,2,7,4,3,2,0,77,32,13,14,2,5,0,1,1,9,0,36,033,65178
1714,1013,116,212,195,154,40,38,65,53,140,0,701,343,153,49,55,50,17,16,6,12,0,36,033,75676
375,114,15,16,15,29,14,1,2,20,2,0,261,78,60,23,27,29,24,3,0,9,8,36,033,78795
587,305,32,41,84,50,44,22,3,6,23,0,282,127,65,45,10,7,6,3,10,9,0,36,033,81215
245,114,2,13,15,19,10,16,7,9,23,0,131,53,17,24,14,5,2,0,11,2,3,36,035,06882
1786,1015,79,244,212,141,77,78,19,3,162,0,771,311,106,106,80,23,33,27,49,36,0,36,035,08433
473,171,19,27,21,27,16,13,21,0,27,0,302,120,30,59,32,28,8,7,4,14,0,36,035,12573
575,266,25,68,55,26,25,24,9,20,14,0,309,105,50,46,42,4,18,17,4,23,0,36,035,24603
3156,1794,178,506,330,194,122,80,61,95,222,6,1362,367,280,178,130,125,55,33,21,133,40,36,035,29443
2072,1101,115,203,269,78,136,139,25,19,112,5,971,397,234,109,66,15,0,34,30,79,7,36,035,38781
2593,1404,107,322,291,89,86,88,94,83,244,0,1189,477,225,215,132,76,25,0,0,39,0,36,035,38792
2061,1154,74,184,240,212,134,73,56,75,106,0,907,326,189,117,96,57,42,2,35,41,2,36,035,46217
797,440,23,92,86,57,47,32,25,33,40,5,357,134,58,37,27,49,19,0,2,25,6,36,035,51407
624,317,6,61,70,37,34,21,38,21,29,0,307,106,63,45,26,23,7,0,5,24,8,36,035,55101
1182,640,24,125,56,144,88,62,112,0,29,0,542,178,96,110,65,38,10,18,0,27,0,36,035,57353
244,97,0,20,21,5,13,2,2,5,22,7,147,65,19,13,8,2,6,13,5,16,0,36,035,71784
588,343,28,71,60,51,50,25,27,2,25,4,245,69,61,27,23,15,11,5,12,15,7,36,037,00474
786,452,27,76,75,98,44,20,43,20,49,0,334,124,70,82,11,0,12,0,18,17,0,36,037,01165
3296,2247,183,541,600,397,161,103,74,62,120,6,1049,293,261,139,106,85,56,28,6,63,12,36,037,04715
2618,1272,128,275,291,268,86,161,0,19,44,0,1346,474,285,246,58,80,73,0,88,24,18,36,037,04726
867,544,38,109,85,61,74,63,29,58,27,0,323,89,76,51,12,16,30,6,15,28,0,36,037,06057
601,324,15,50,51,82,45,18,21,3,36,3,277,104,36,41,34,24,6,8,7,9,8,36,037,06266
768,524,45,140,108,88,37,35,4,34,33,0,244,90,59,16,18,0,5,22,4,19,11,36,037,11572
967,575,20,115,157,90,50,31,38,20,54,0,392,135,122,63,28,23,4,0,4,13,0,36,037,19719
689,438,34,107,133,48,42,15,13,6,40,0,251,114,41,17,8,16,11,33,0,6,5,36,037,23756
2130,1397,39,304,313,284,117,103,99,36,102,0,733,220,140,131,76,69,13,14,46,24,0,36,037,42037
967,555,31,78,119,89,65,59,4,27,83,0,412,129,120,62,55,23,9,6,0,8,0,36,037,54166
787,490,29,104,97,87,59,25,43,14,32,0,297,138,46,35,40,12,12,5,0,4,5,36,037,56792
1310,875,46,162,185,121,117,41,104,29,53,17,435,200,115,27,18,2,2,49,17,3,2,36,037,57078
847,485,39,78,102,66,80,30,10,24,56,0,362,152,54,35,38,10,15,5,19,34,0,36,037,70607
235,35,0,8,0,5,0,0,0,0,22,0,200,90,27,14,15,20,22,0,0,0,12,36,037,75011
311,142,15,19,18,12,20,18,3,2,35,0,169,47,47,23,12,12,2,3,5,18,0,36,039,02803
1141,685,27,122,61,60,91,65,6,97,156,0,456,69,131,49,106,11,11,7,34,33,5,36,039,02913
1663,1053,24,206,107,196,132,61,44,92,155,36,610,193,183,78,36,24,12,25,8,47,4,36,039,11649
2649,1444,145,174,160,265,186,116,75,69,254,0,1205,193,223,244,189,101,17,35,121,71,11,36,039,13013
1595,1030,69,140,171,187,124,107,56,49,127,0,565,153,90,67,52,75,17,26,14,63,8,36,039,18729
834,449,18,46,83,87,54,65,22,33,41,0,385,92,68,53,18,23,21,5,6,66,33,36,039,21204
1151,692,38,45,164,133,70,30,24,35,153,0,459,172,125,25,35,37,22,8,10,25,0,36,039,30620
105,41,2,18,7,2,4,2,0,4,2,0,64,28,8,11,3,5,7,0,0,0,2,36,039,31379
821,288,10,57,49,40,40,18,27,3,44,0,533,86,272,49,28,16,32,0,33,17,0,36,039,36178
365,120,22,7,13,19,3,0,4,16,36,0,245,113,35,8,29,9,2,4,32,10,3,36,039,38638
375,140,0,16,26,36,9,12,0,2,39,0,235,80,39,45,20,9,17,11,12,2,0,36,039,42202
1097,632,49,85,142,93,66,68,67,31,31,0,465,165,121,26,67,22,19,0,8,37,0,36,039,49935
247,101,3,7,18,11,9,24,3,13,13,0,146,53,14,14,4,5,20,0,14,11,11,36,039,59751
541,234,0,36,35,32,42,0,19,24,46,0,307,134,102,38,5,14,0,4,0,10,0,36,039,82480
66,35,5,4,5,8,1,0,0,6,6,0,31,11,8,3,0,2,2,3,0,2,0,36,041,02572
64,33,6,2,2,7,0,0,5,3,8,0,31,15,7,2,2,3,0,0,0,1,1,36,041,05958
83,45,1,10,2,20,0,6,2,0,4,0,38,16,9,0,3,1,1,5,0,3,0,36,041,35496
257,115,0,13,29,40,8,2,0,1,22,0,142,59,25,0,19,9,8,2,5,15,0,36,041,37374
79,38,3,1,5,5,5,3,2,2,11,1,41,12,7,5,0,1,1,0,8,5,2,36,041,37495
169,59,6,11,20,8,5,0,1,3,5,0,110,59,6,14,16,2,3,0,3,7,0,36,041,40794
127,43,3,9,6,0,5,6,1,1,12,0,84,43,6,9,7,10,2,1,0,6,0,36,041,43412
11,0,0,0,0,0,0,0,0,0,0,0,11,0,0,8,1,0,0,2,0,0,0,36,041,48340
199,76,0,17,17,10,19,2,2,5,4,0,123,31,28,14,8,13,2,12,9,6,0,36,041,79059
559,332,19,57,75,56,26,15,13,22,49,0,227,91,46,29,12,7,7,10,13,6,6,36,043,17431
328,170,36,32,6,11,21,6,7,10,32,9,158,63,34,20,20,3,6,3,0,9,0,36,043,19686
498,228,19,25,58,39,15,2,22,4,44,0,270,105,60,24,12,11,14,12,20,12,0,36,043,24933
2329,1016,40,199,230,218,104,72,32,53,57,11,1313,483,267,109,203,91,80,45,16,19,0,36,043,27199
3374,1995,127,549,472,282,105,138,107,76,139,0,1379,611,227,141,96,80,107,29,28,49,11,36,043,28750
2075,1122,103,223,225,284,44,111,25,71,36,0,953,343,264,137,70,35,15,17,22,38,12,36,043,34132
516,287,40,44,43,62,31,11,9,9,38,0,229,76,37,17,15,7,24,10,12,28,3,36,043,42664
1002,588,107,87,136,55,87,20,9,8,79,0,414,142,95,33,42,40,0,25,4,24,9,36,043,42741
514,285,41,76,61,32,20,5,18,14,18,0,229,50,64,20,26,19,9,8,14,17,2,36,043,42752
964,469,53,97,124,68,44,8,18,7,50,0,495,195,74,55,51,38,14,0,29,35,4,36,043,44974
694,362,25,110,88,37,21,18,12,21,30,0,332,140,65,29,15,16,17,4,10,29,7,36,043,50584
297,127,15,22,41,20,12,7,3,3,4,0,170,48,62,7,9,15,12,6,6,5,0,36,043,53968
358,136,26,16,11,22,7,19,9,4,22,0,222,71,29,29,29,11,11,10,3,26,3,36,043,54507
882,454,26,99,103,75,44,28,0,4,75,0,428,125,52,102,48,6,20,11,19,36,9,36,043,64254
664,335,54,36,78,41,19,36,26,10,35,0,329,120,91,28,51,12,2,0,6,8,11,36,043,64837
1190,480,35,145,102,36,55,37,20,32,9,9,710,275,145,78,40,29,6,33,27,77,0,36,043,65695
269,124,2,26,16,24,21,5,10,6,14,0,145,49,38,22,0,4,8,7,2,15,0,36,043,70794
308,170,7,20,23,44,7,8,17,19,19,6,138,71,24,9,2,3,3,0,8,15,3,36,043,78278
637,183,19,4,48,24,48,0,30,0,10,0,454,135,131,73,63,5,0,5,14,28,0,36,043,78927
608,288,45,69,80,46,22,9,2,8,7,0,320,133,74,40,15,22,10,3,9,14,0,36,043,82568
0,0,0,0,0,0,0,0,0,0,0,0,0,0,0,0,0,0,0,0,0,0,0,36,045,00000
1273,763,45,146,229,194,25,21,6,28,69,0,510,121,129,52,69,0,9,7,0,30,93,36,045,00210
1371,807,32,183,105,152,60,79,46,83,67,0,564,178,84,98,37,28,22,25,17,66,9,36,045,01176
498,263,7,80,39,24,10,38,7,31,27,0,235,89,51,50,11,11,3,10,5,5,0,36,045,02297
1905,1210,67,342,225,188,116,64,101,37,70,0,695,263,126,162,64,42,11,0,7,18,2,36,045,10242
739,391,20,49,112,51,72,6,25,11,45,0,348,102,93,51,40,21,0,5,0,33,3,36,045,12364
1214,626,103,112,123,50,60,17,49,29,38,45,588,232,82,49,120,10,0,20,42,33,0,36,045,13717
1524,1072,94,156,197,163,85,96,86,36,159,0,452,198,104,32,34,28,22,10,0,24,0,36,045,16100
1082,554,27,120,139,86,52,22,63,19,26,0,528,211,144,45,23,66,0,1,14,24,0,36,045,24086
537,299,19,52,62,30,66,26,12,12,20,0,238,111,69,18,3,14,4,0,9,3,7,36,045,34055
763,522,36,43,121,43,58,84,15,20,79,23,241,83,59,2,49,4,19,0,0,25,0,36,045,35782
1198,695,47,62,108,124,89,73,28,91,73,0,503,217,88,28,25,31,6,22,12,74,0,36,045,42015
275,151,13,29,35,17,16,11,3,5,22,0,124,41,19,19,10,5,19,2,0,7,2,36,045,43544
717,398,25,45,68,48,83,42,22,13,47,5,319,93,51,36,36,42,5,13,7,18,18,36,045,43863
844,514,52,94,119,101,51,29,34,5,29,0,330,154,70,12,28,33,17,0,0,12,4,36,045,55398
829,562,52,157,74,105,75,10,12,45,32,0,267,165,7,33,0,0,5,34,0,23,0,36,045,56209
376,209,27,26,40,26,8,25,17,15,25,0,167,82,30,4,21,6,2,4,9,9,0,36,045,57562
368,215,16,42,51,53,15,28,2,6,2,0,153,71,37,4,9,3,4,6,12,3,4,36,045,63341
807,471,42,56,79,79,74,24,28,30,59,0,336,109,96,55,39,11,8,0,8,10,0,36,045,64265
815,502,51,82,91,63,52,59,41,21,42,0,313,144,34,36,28,21,15,8,20,7,0,36,045,73528
4618,2942,258,556,755,490,217,121,172,185,155,33,1676,575,373,220,75,88,38,32,65,169,41,36,045,78608
1261,742,101,168,175,101,53,44,28,24,48,0,519,201,129,36,30,15,15,43,41,9,0,36,045,78619
1245,645,120,92,115,146,54,21,6,16,75,0,600,262,89,24,36,38,4,22,64,48,13,36,045,82348
74,34,3,6,10,6,0,1,0,0,8,0,40,23,5,4,2,3,0,1,0,2,0,36,045,83162
276447,172891,9959,16272,20131,18985,16419,13862,11498,16595,48129,1041,103556,34899,15737,11347,7696,5462,4263,3768,4982,13714,1688,36,047,10022
933,486,68,44,122,107,67,15,8,13,42,0,447,183,79,74,21,22,12,19,27,10,0,36,049,19081
770,440,31,42,105,68,47,24,25,26,64,8,330,125,64,8,27,60,0,6,24,16,0,36,049,20214
451,246,27,39,68,19,33,14,15,15,16,0,205,73,36,35,18,14,8,6,5,10,0,36,049,20555
468,213,15,38,50,44,22,7,16,3,18,0,255,111,36,53,23,19,0,5,3,5,0,36,049,30796
137,64,2,9,24,10,9,2,1,1,6,0,73,16,14,18,12,2,5,0,0,6,0,36,049,32358
247,128,19,39,11,18,0,10,7,2,22,0,119,50,14,13,7,6,6,0,0,21,2,36,049,42125
537,224,32,42,48,19,24,7,6,27,13,6,313,130,59,40,29,14,14,0,18,9,0,36,049,42213
1133,641,90,136,148,49,43,58,12,17,88,0,492,236,83,32,36,56,4,15,0,30,0,36,049,43731
364,160,5,34,37,20,7,10,11,9,27,0,204,71,62,29,9,0,3,16,3,7,4,36,049,43995
418,238,23,70,14,36,22,28,3,8,25,9,180,70,48,34,0,18,2,3,0,2,3,36,049,45854
18,2,0,2,0,0,0,0,0,0,0,0,16,10,2,0,0,2,0,0,0,2,0,36,049,48032
733,407,49,80,120,43,39,30,10,9,27,0,326,123,64,40,23,22,2,18,6,19,9,36,049,50001
78,35,7,3,4,5,5,0,0,1,10,0,43,25,7,7,2,1,0,0,1,0,0,36,049,55497
99,59,1,7,6,1,23,11,5,0,5,0,40,16,8,4,0,2,4,2,3,1,0,36,049,57925
230,117,12,20,30,20,17,0,2,0,16,0,113,36,24,19,11,8,3,4,6,2,0,36,049,75693
666,363,31,64,113,52,22,20,22,22,17,0,303,135,78,24,14,6,10,2,0,11,23,36,049,78729
567,239,24,46,30,25,42,21,18,15,18,0,328,153,74,35,23,6,10,0,16,7,4,36,049,81094
2141,1279,80,209,306,300,124,67,8,53,132,0,862,239,275,131,89,31,22,15,13,47,0,36,051,03364
1350,804,36,118,224,152,88,85,44,19,38,0,546,161,132,95,68,19,35,0,0,36,0,36,051,11715
964,620,48,93,170,71,70,50,29,45,42,2,344,131,39,32,20,16,35,4,23,44,0,36,051,17618
1567,887,32,171,192,211,73,47,57,52,52,0,680,353,116,52,75,24,8,6,23,23,0,36,051,28629
395,270,20,40,38,68,44,9,2,26,23,0,125,34,31,18,12,4,3,6,2,8,7,36,051,31016
684,412,26,58,85,68,47,55,17,31,23,2,272,98,62,27,35,19,8,1,14,8,0,36,051,41883
1241,730,18,127,202,110,114,37,36,31,55,0,511,119,126,97,49,20,59,26,11,4,0,36,051,42334
2358,1677,77,278,385,274,166,107,95,52,233,10,681,210,143,100,57,67,12,0,44,44,4,36,051,42961
1137,635,39,145,87,75,151,35,21,7,75,0,502,117,87,102,52,26,13,12,20,28,45,36,051,48956
1501,915,57,175,295,125,137,20,8,28,70,0,586,176,148,79,37,48,11,0,41,27,19,36,051,51869
945,531,16,97,174,68,41,22,40,31,42,0,414,165,42,135,16,3,0,10,14,22,7,36,051,54089
290,165,12,29,43,14,19,14,3,4,27,0,125,41,23,25,2,9,0,8,2,6,9,36,051,55508
291,173,9,30,50,21,10,23,3,12,11,4,118,28,26,35,4,3,3,0,10,9,0,36,051,59179
551,329,26,48,80,68,26,8,2,33,38,0,222,97,43,41,7,10,3,4,6,8,3,36,051,70101
808,477,52,66,113,63,61,17,47,15,43,0,331,122,61,57,16,17,8,5,19,21,5,36,051,70475
453,229,42,41,44,33,25,0,9,7,25,3,224,76,48,27,19,8,4,18,0,21,3,36,051,81006
1069,665,89,85,101,113,112,43,6,30,86,0,404,182,58,39,31,25,12,0,0,57,0,36,051,84022
803,360,41,62,53,76,44,36,0,34,14,0,443,146,96,80,39,24,20,13,15,10,0,36,053,08587
1862,1164,72,187,184,190,126,105,75,79,141,5,698,217,150,108,81,35,11,16,42,26,12,36,053,13156
429,243,26,63,43,24,23,12,2,23,27,0,186,75,34,17,11,10,14,3,0,15,7,36,053,20401
1052,715,62,155,59,103,189,69,5,33,40,0,337,107,61,57,3,0,14,48,17,30,0,36,053,23305
567,336,45,96,55,31,22,16,27,9,35,0,231,86,50,35,11,21,0,3,11,11,3,36,053,25593
187,100,0,26,15,19,8,6,2,7,17,0,87,39,12,8,4,9,2,0,2,4,7,36,053,28695
1186,744,40,158,217,76,80,80,58,9,26,0,442,177,72,72,23,10,0,13,32,38,5,36,053,31720
433,228,15,50,22,52,28,15,5,20,21,0,205,64,63,9,24,11,3,5,6,13,7,36,053,41674
2474,1445,63,385,226,217,224,43,53,76,129,29,1029,282,298,157,71,34,8,33,24,122,0,36,053,41905
619,388,31,118,71,47,50,6,13,13,39,0,231,66,67,41,9,0,7,12,6,11,12,36,053,42422
1047,464,37,36,72,54,39,59,38,31,98,0,583,140,155,85,47,134,0,0,3,19,0,36,053,44435
672,422,26,64,37,42,88,59,5,42,59,0,250,89,72,10,25,8,14,15,11,6,0,36,053,49770
2595,1597,109,333,315,250,173,129,21,106,141,20,998,436,254,79,64,47,12,7,20,38,41,36,053,54837
434,254,3,45,38,74,26,24,25,10,9,0,180,60,41,13,12,16,11,3,12,9,3,36,053,67785
630,389,18,81,81,84,32,13,18,19,43,0,241,78,63,52,26,9,0,6,2,5,0,36,053,71399
4713,3068,168,516,771,684,259,178,133,130,220,9,1645,580,401,239,138,54,52,76,37,59,9,36,053,71993
0,0,0,0,0,0,0,0,0,0,0,0,0,0,0,0,0,0,0,0,0,0,0,36,055,00000
8747,5531,534,1073,1342,924,503,397,142,306,310,0,3216,1167,900,371,219,141,77,96,111,121,13,36,055,08246
8519,5818,447,1153,1267,1161,517,460,188,180,438,7,2701,993,659,386,192,142,82,74,43,130,0,36,055,15462
1988,1485,44,394,341,266,191,93,45,11,87,13,503,168,189,28,0,29,0,0,55,34,0,36,055,15957
1709,1168,86,229,137,224,225,79,88,46,54,0,541,137,132,48,59,15,34,28,24,49,15,36,055,22870
8719,6034,274,1061,1311,894,740,324,255,325,831,19,2685,934,552,416,181,162,131,39,102,141,27,36,055,28442
29501,19477,1389,3195,4039,3302,2510,1249,703,1093,1937,60,10024,3117,2336,1545,1006,538,306,224,283,596,73,36,055,30290
2849,1838,97,380,303,329,131,120,86,90,302,0,1011,325,252,108,121,31,71,43,19,32,9,36,055,31797
10774,7756,622,1555,1898,1234,596,408,316,307,804,16,3018,1490,706,284,125,73,89,46,14,151,40,36,055,34099
17324,11378,618,2084,2380,1847,1160,956,841,455,1002,35,5946,1864,1181,847,642,392,234,135,140,462,49,36,055,37726
2862,2009,260,281,353,316,247,48,129,110,265,0,853,355,208,87,40,46,31,0,23,63,0,36,055,46558
5627,3999,227,830,998,621,445,406,109,110,241,12,1628,635,353,231,197,45,33,17,45,43,29,36,055,54474
4916,3366,120,528,918,626,476,164,203,166,154,11,1550,699,344,155,129,87,49,31,19,37,0,36,055,56561
12236,7984,513,1552,1643,1384,903,500,315,367,734,73,4252,1365,714,624,327,231,295,162,176,352,6,36,055,57144
15046,10398,930,2009,2483,1770,944,750,250,440,767,55,4648,1941,750,743,288,189,217,95,124,248,53,36,055,57221
8926,5874,623,1035,1298,894,520,383,226,290,580,25,3052,1193,701,386,236,129,86,92,51,161,17,36,055,58365
2035,1369,166,137,386,158,141,91,80,98,112,0,666,205,52,119,115,4,103,0,12,56,0,36,055,61808
31198,20831,1842,3648,3632,3201,2126,1617,976,1003,2679,107,10367,3681,2133,1420,851,539,332,307,326,675,103,36,055,63000
1272,837,79,130,214,131,106,48,34,18,77,0,435,196,69,51,14,9,8,6,11,71,0,36,055,64144
2721,1777,82,370,418,366,199,92,67,87,70,26,944,314,284,124,105,25,18,34,0,32,8,36,055,72455
13347,9269,597,1726,1975,1513,1081,604,372,562,776,63,4078,1337,899,747,254,202,107,102,153,240,37,36,055,78971
1391,1047,74,204,206,137,138,87,33,49,119,0,344,138,102,44,10,10,0,4,0,31,5,36,055,81402
3516,1865,110,312,378,372,149,106,82,172,184,0,1651,395,297,300,258,95,66,74,58,100,8,36,057,02066
2145,1115,63,175,254,179,153,74,114,44,59,0,1030,416,122,132,82,22,40,39,91,83,3,36,057,02077
884,511,30,83,129,106,104,14,5,11,29,0,373,107,94,32,34,37,28,3,15,18,5,36,057,12122
394,257,16,56,58,21,12,22,7,34,31,0,137,55,26,19,4,12,4,3,6,8,0,36,057,13816
1016,565,48,126,97,73,50,11,65,34,61,0,451,87,74,79,65,40,24,18,21,33,10,36,057,26308
671,439,21,53,95,67,66,27,15,16,79,0,232,73,55,15,37,10,9,19,2,12,0,36,057,29047
1198,526,35,58,78,75,94,20,15,10,141,0,672,92,134,95,136,59,26,20,14,89,7,36,057,47614
1209,729,58,86,144,172,116,36,8,46,63,0,480,124,122,47,64,65,2,5,0,51,0,36,057,47834
859,369,10,142,58,48,42,20,27,8,14,0,490,165,70,62,27,5,67,11,27,33,23,36,057,56099
564,287,11,59,57,33,24,8,24,27,44,0,277,73,65,35,26,11,16,3,25,23,0,36,057,63561
584,253,26,36,36,51,44,14,7,5,10,24,331,122,35,53,22,21,9,10,5,46,8,36,057,64650
4961,3227,148,393,460,484,392,227,234,256,633,0,1734,250,286,264,197,95,120,77,151,294,0,36,059,29113
194091,129499,4809,10639,18254,20101,16486,12800,9561,11066,25431,352,64592,13601,12074,9261,6426,4068,3642,2487,3765,8686,582,36,059,34000
8105,5647,192,513,833,743,704,464,345,518,1257,78,2458,473,383,369,232,199,120,73,142,453,14,36,059,43335
60168,34715,1852,3667,4965,4833,4185,2967,2169,2975,6982,120,25453,6329,4437,3023,2446,1607,1345,676,1492,3927,171,36,059,53000
86095,55294,2953,5250,8271,8494,7359,5389,3726,4306,9436,110,30801,7015,5767,3932,2589,2184,1838,1156,1835,4190,295,36,059,56000
174361,91128,18412,16687,13717,10796,6759,5449,2976,4026,11624,682,83233,43061,8840,6207,4398,3621,2172,2068,3076,8326,1464,36,061,44919
0,0,0,0,0,0,0,0,0,0,0,0,0,0,0,0,0,0,0,0,0,0,0,36,063,00000
1999,1231,133,248,188,221,126,112,36,22,133,12,768,264,219,66,22,40,58,0,27,72,0,36,063,11803
1340,794,21,120,227,123,137,35,30,56,45,0,546,180,156,58,47,23,24,0,35,23,0,36,063,32490
4971,2889,302,524,765,447,196,252,92,111,193,7,2082,860,500,175,106,117,46,61,95,104,18,36,063,42158
5161,3216,246,649,625,609,288,204,179,157,259,0,1945,739,359,213,189,104,104,26,91,120,0,36,063,43082
6519,3819,175,831,803,734,365,248,130,206,303,24,2700,733,563,485,275,162,96,66,163,157,0,36,063,43093
3200,1863,201,331,399,315,209,75,72,91,170,0,1337,448,307,175,139,97,48,0,35,68,20,36,063,50232
2452,1221,106,233,294,151,105,120,54,84,74,0,1231,399,273,123,89,103,24,78,71,67,4,36,063,51033
11799,6152,676,1366,1209,666,499,432,325,320,636,23,5647,1745,1116,876,482,460,160,177,208,384,39,36,063,51055
9393,6053,501,1272,1424,948,530,489,202,147,507,33,3340,954,755,533,399,200,116,128,79,148,28,36,063,53682
2145,1327,39,262,196,321,150,156,85,52,66,0,818,242,272,101,24,61,34,55,14,15,0,36,063,57111
2211,1314,112,266,245,206,156,66,68,55,119,21,897,299,217,143,99,34,15,20,33,25,12,36,063,59267
2164,1253,125,209,236,240,151,82,18,75,117,0,911,241,251,142,35,66,63,62,3,39,9,36,063,64034
756,419,32,93,62,52,53,36,44,4,43,0,337,129,48,63,25,17,5,4,9,37,0,36,063,68330
0,0,0,0,0,0,0,0,0,0,0,0,0,0,0,0,0,0,0,0,0,0,0,36,063,75011
342,49,0,0,4,19,0,0,0,9,17,0,293,97,43,26,8,20,34,0,5,47,13,36,063,75748
5754,3683,314,665,1054,515,344,209,83,177,322,0,2071,1038,436,247,75,92,60,28,15,64,16,36,063,81380
2103,1207,70,225,260,201,144,57,64,103,83,0,896,247,152,107,76,75,94,26,21,88,10,36,063,82370
843,504,39,112,109,91,37,12,17,12,69,6,339,79,98,33,51,6,26,4,15,19,8,36,065,02253
742,445,26,73,80,67,62,47,14,8,68,0,297,138,74,13,20,13,6,2,8,14,9,36,065,03155
207,87,13,22,12,12,5,2,2,2,17,0,120,55,12,7,7,20,0,0,5,14,0,36,065,03309
1259,643,111,156,104,83,35,24,51,5,74,0,616,323,107,45,28,37,8,11,22,35,0,36,065,07366
425,223,15,45,44,23,25,16,6,14,35,0,202,71,33,42,12,8,8,4,12,9,3,36,065,08180
1302,722,45,179,183,96,100,8,15,21,75,0,580,207,119,89,79,32,18,0,18,18,0,36,065,11858
1445,987,67,220,249,129,77,48,41,57,94,5,458,187,91,48,16,42,49,4,17,4,0,36,065,19928
278,140,0,31,44,14,14,14,10,8,5,0,138,46,34,11,10,6,7,7,6,7,4,36,065,26297
1299,679,108,79,138,150,75,6,30,25,68,0,620,200,156,49,71,26,23,9,30,49,7,36,065,26385
583,261,12,58,37,26,23,36,18,23,28,0,322,177,46,22,26,12,15,13,6,5,0,36,065,26627
2248,1436,141,233,283,243,127,121,93,69,104,22,812,320,113,131,59,31,18,0,80,45,15,36,065,39804
2246,1209,126,261,402,158,136,44,33,6,32,11,1037,397,202,174,88,58,59,0,20,39,0,36,065,41762
2014,1058,21,154,241,69,219,110,60,14,159,11,956,457,159,128,49,98,0,18,34,13,0,36,065,45535
655,363,38,71,94,71,19,28,13,19,10,0,292,108,51,41,16,35,24,0,5,9,3,36,065,45755
7121,4117,312,624,1388,426,481,242,147,183,314,0,3004,1112,705,404,180,129,151,33,59,202,29,36,065,50309
1410,890,96,152,178,154,136,51,12,39,72,0,520,146,91,121,34,15,32,0,16,65,0,36,065,56330
623,370,25,53,70,63,46,12,15,41,39,6,253,88,63,35,26,19,0,0,10,9,3,36,065,61126
7113,4166,340,741,793,675,446,358,179,232,371,31,2947,1094,710,332,247,119,86,67,76,204,12,36,065,63418
645,404,19,101,101,67,35,13,13,8,47,0,241,76,62,46,16,12,0,0,11,18,0,36,065,65134
985,557,58,89,119,84,84,30,6,47,40,0,428,181,64,77,27,9,19,8,8,35,0,36,065,66993
427,233,12,31,72,22,16,41,7,14,15,3,194,58,48,38,12,14,6,4,2,12,0,36,065,71212
1510,812,105,134,239,72,65,75,26,20,76,0,698,280,158,103,51,37,23,17,0,29,0,36,065,75280
11075,5975,344,995,1211,902,806,505,205,389,599,19,5100,1475,1099,769,521,262,153,212,151,405,53,36,065,76540
1593,1087,107,211,161,149,102,101,70,97,89,0,506,164,135,55,38,3,17,34,9,30,21,36,065,77123
1849,1123,66,174,175,193,136,49,79,70,181,0,726,338,223,71,31,0,50,0,13,0,0,36,065,77178
1763,977,30,130,210,110,118,140,29,20,190,0,786,170,329,36,78,67,39,17,5,16,29,36,065,77486
689,398,41,90,105,71,35,10,12,9,25,0,291,123,68,36,5,13,17,0,9,14,6,36,065,79862
2096,1164,109,233,215,129,91,28,80,94,185,0,932,387,127,72,83,36,57,56,51,63,0,36,065,80533
5638,3458,213,847,842,543,317,186,103,133,274,0,2180,649,702,232,131,101,89,58,52,151,15,36,065,81754
8045,5230,393,1077,979,795,748,416,197,228,391,6,2815,953,595,421,265,164,83,77,91,160,6,36,067,11913
9552,6566,431,1316,1611,1194,653,292,213,356,481,19,2986,1071,782,416,187,94,62,83,101,185,5,36,067,15704
17324,12168,772,2387,3128,2125,1124,974,296,522,809,31,5156,2183,897,732,502,182,96,99,178,250,37,36,067,16067
7123,4436,439,730,955,721,437,371,128,227,389,39,2687,1080,562,393,172,139,58,67,81,115,20,36,067,20478
1885,1170,98,298,242,228,96,75,22,33,78,0,715,167,250,112,31,48,29,6,34,22,16,36,067,23800
662,454,37,99,73,94,45,22,7,21,56,0,208,84,46,21,18,9,1,1,7,18,3,36,067,24878
5256,2997,287,556,707,523,264,204,85,205,158,8,2259,709,538,248,226,234,72,86,31,83,32,36,067,28519
1532,926,59,205,235,144,148,29,28,50,28,0,606,112,256,65,26,68,0,13,13,53,0,36,067,40266
7110,4906,533,963,1064,909,481,299,217,141,299,0,2204,1050,317,377,138,67,56,8,19,123,49,36,067,44039
10178,6686,552,1152,1727,1038,759,391,256,373,438,0,3492,1172,732,431,402,216,103,77,103,152,104,36,067,45029
2136,1238,84,244,251,197,149,91,76,42,104,0,898,240,218,148,77,42,25,52,17,79,0,36,067,45491
6812,4475,351,779,1114,770,508,283,136,193,332,9,2337,993,402,290,214,120,28,111,66,93,20,36,067,54958
43,0,0,0,0,0,0,0,0,0,0,0,43,43,0,0,0,0,0,0,0,0,0,36,067,54980
820,529,32,89,90,84,55,32,28,28,91,0,291,141,72,32,9,13,9,0,10,5,0,36,067,55651
2288,1582,208,309,305,175,151,133,31,44,209,17,706,318,206,49,44,15,7,12,41,14,0,36,067,59036
10022,6248,465,1299,1461,925,621,405,327,280,441,24,3774,1506,896,439,245,195,64,109,111,184,25,36,067,64815
2525,1392,97,195,322,252,178,99,33,93,123,0,1133,492,185,87,104,43,37,26,34,125,0,36,067,67521
591,409,46,45,80,56,50,11,27,17,75,2,182,64,26,13,11,24,16,3,11,14,0,36,067,70057
21516,13252,1309,2850,2576,2018,1304,565,540,711,1321,58,8264,3099,1635,1120,642,359,315,224,222,564,84,36,067,73000
773,541,27,79,90,109,40,69,50,37,40,0,232,82,40,46,11,11,7,4,17,14,0,36,067,75638
3966,2552,128,663,466,533,309,92,92,44,192,33,1414,541,302,285,124,47,45,13,49,8,0,36,067,76760
830,553,14,64,117,128,71,19,23,30,83,4,277,113,65,30,24,10,4,10,5,16,0,36,069,08378
671,437,42,64,62,78,50,55,23,21,37,5,234,97,37,19,21,17,15,19,0,9,0,36,069,12100
2612,1678,162,271,378,320,148,62,65,56,216,0,934,312,162,152,115,99,16,0,44,15,19,36,069,12144
3040,1964,143,363,411,343,174,129,88,124,179,10,1076,400,188,113,78,57,49,44,35,97,15,36,069,12155
1135,707,60,89,132,110,158,28,26,47,57,0,428,195,56,69,20,22,20,18,18,10,0,36,069,21699
3665,2667,172,536,771,490,226,175,50,80,167,0,998,320,282,96,127,28,36,0,57,32,20,36,069,25406
2381,1335,140,253,335,137,149,94,63,67,97,0,1046,305,328,145,71,25,33,0,56,73,10,36,069,28640
909,448,46,74,66,101,46,32,8,55,20,0,461,141,106,76,53,0,24,16,19,17,9,36,069,28651
1549,1000,63,118,215,180,131,92,37,72,92,0,549,218,110,97,49,10,0,32,3,30,0,36,069,29531
1132,625,26,100,197,144,79,19,7,36,17,0,507,145,123,63,21,44,19,20,16,27,29,36,069,35551
2909,1765,150,376,298,270,226,178,45,48,174,0,1144,286,202,136,104,85,68,100,62,91,10,36,069,44864
815,414,22,57,83,36,62,33,27,36,55,3,401,119,86,59,26,44,18,17,10,20,2,36,069,49440
2093,1320,173,280,340,146,86,62,33,64,136,0,773,277,196,88,84,19,4,53,20,32,0,36,069,57529
1241,868,0,82,311,104,97,50,0,79,127,18,373,123,137,17,46,15,0,17,0,18,0,36,069,61544
900,563,78,61,163,113,67,35,6,11,29,0,337,159,85,38,23,0,22,0,5,5,0,36,069,66289
689,460,36,60,101,73,50,28,23,18,71,0,229,64,66,30,16,15,14,4,10,10,0,36,069,68660
4581,3277,258,646,928,518,323,131,45,126,289,13,1304,555,229,183,102,110,42,22,26,35,0,36,069,77387
923,439,13,95,136,77,18,17,22,14,43,4,484,112,114,55,42,70,25,5,15,46,0,36,069,79356
4996,3733,130,352,558,626,461,433,268,352,541,12,1263,374,180,273,129,67,61,21,51,101,6,36,071,07003
3070,2467,85,111,505,493,281,250,191,242,278,31,603,164,80,58,63,28,82,16,43,69,0,36,071,15308
3141,2289,128,209,347,408,347,209,208,174,228,31,852,184,248,74,100,23,23,32,54,107,7,36,071,18300
2507,1759,67,169,228,311,250,191,81,140,322,0,748,282,132,92,53,66,47,14,36,17,9,36,071,18916
2567,1458,38,93,179,193,192,104,89,93,477,0,1109,245,70,191,103,65,84,70,45,236,0,36,071,19961
3107,2190,98,235,435,283,380,86,119,258,288,8,917,275,230,94,64,36,9,106,57,30,16,36,071,29553
1400,1032,29,60,276,157,151,128,73,61,97,0,368,92,91,53,57,22,12,0,18,23,0,36,071,30631
1433,1021,26,116,125,188,74,154,37,51,250,0,412,130,79,71,41,22,0,6,14,30,19,36,071,31907
1365,924,37,154,128,227,154,90,10,27,97,0,441,89,87,104,47,16,28,0,10,60,0,36,071,34550
5433,3364,121,276,464,614,452,333,224,335,537,8,2069,469,284,392,233,172,39,92,94,207,87,36,071,47042
1225,940,31,114,143,105,54,191,82,88,132,0,285,51,75,54,9,7,21,0,0,39,29,36,071,47713
5884,4218,129,368,660,699,515,320,336,264,922,5,1666,350,345,229,174,171,103,28,71,195,0,36,071,47999
5805,4110,141,453,761,764,513,286,225,325,607,35,1695,504,335,203,105,45,113,84,59,212,35,36,071,48153
1490,992,22,87,160,209,124,98,20,70,197,5,498,77,92,87,61,38,23,8,34,48,30,36,071,48857
2855,2219,61,204,244,288,399,134,188,180,513,8,636,142,84,60,96,13,50,47,53,84,7,36,071,50034
8780,6390,172,666,1060,1061,936,446,481,461,1098,9,2390,639,374,361,228,156,68,144,173,233,14,36,071,50045
6825,4954,70,247,985,815,859,475,284,395,824,0,1871,377,360,334,137,61,119,77,69,329,8,36,071,50848
1719,981,26,136,178,189,136,88,77,54,97,0,738,186,68,109,49,100,34,36,20,110,26,36,071,59388
1139,735,81,47,75,141,65,62,24,54,181,5,404,85,81,84,55,2,12,12,43,28,2,36,071,75781
6708,4571,147,404,695,721,525,466,372,277,964,0,2137,618,403,272,239,120,28,61,50,257,89,36,071,77992
9122,6540,281,717,993,1012,751,769,523,577,874,43,2582,488,514,435,265,101,98,75,163,423,20,36,071,78366
1819,1216,45,172,195,189,165,76,34,172,168,0,603,261,98,82,18,27,15,15,18,69,0,36,071,78839
2916,2074,74,212,373,375,325,102,66,183,355,9,842,230,150,158,67,14,62,10,37,105,9,36,071,82755
0,0,0,0,0,0,0,0,0,0,0,0,0,0,0,0,0,0,0,0,0,0,0,36,073,00000
1488,829,99,86,251,126,123,29,13,0,102,0,659,113,99,89,67,136,0,11,24,120,0,36,073,01044
691,400,15,55,86,97,48,21,11,31,36,0,291,103,74,35,11,18,3,18,5,16,8,36,073,04572
1078,662,0,100,126,121,86,72,53,53,51,0,416,79,70,110,17,28,21,19,19,53,0,36,073,12496
1289,884,33,184,127,107,132,71,45,29,156,0,405,101,70,101,32,18,12,15,26,30,0,36,073,15880
1089,568,30,97,109,147,5,62,54,14,50,0,521,130,96,50,55,0,38,20,79,36,17,36,073,27958
820,551,35,89,106,84,94,28,31,36,48,0,269,98,67,35,15,9,0,10,16,13,6,36,073,39188
1534,882,88,150,161,142,89,93,63,40,56,0,652,194,129,54,62,26,61,21,33,72,0,36,073,49286
1929,1111,34,215,211,140,84,108,94,110,102,13,818,297,178,82,62,36,23,15,43,66,16,36,073,61742
1426,697,10,103,123,154,112,56,39,10,90,0,729,123,226,124,80,16,54,31,0,67,8,36,073,66751
842,523,13,75,101,138,41,49,36,29,41,0,319,87,98,32,34,10,2,11,4,41,0,36,073,83448
0,0,0,0,0,0,0,0,0,0,0,0,0,0,0,0,0,0,0,0,0,0,0,36,075,00000
710,396,15,74,95,48,54,35,11,20,44,0,314,93,99,23,33,5,6,5,13,37,0,36,075,01055
366,213,3,51,27,26,20,9,23,3,51,0,153,41,34,20,25,6,0,3,10,10,4,36,075,01649
186,99,3,23,11,14,17,7,0,8,16,0,87,26,25,7,9,2,0,6,2,10,0,36,075,07674
1557,945,46,188,187,191,117,31,34,37,114,0,612,174,131,145,35,16,58,18,10,25,0,36,075,17904
2618,1543,147,407,304,139,197,91,54,39,149,16,1075,290,295,138,84,123,38,4,25,78,0,36,075,27815
1955,1011,82,165,368,172,41,16,13,77,77,0,944,446,135,66,115,45,17,26,9,68,17,36,075,29729
1514,879,46,151,165,178,68,48,41,64,118,0,635,226,137,75,23,12,70,12,23,44,13,36,075,32028
2935,1985,114,401,368,282,212,89,90,147,272,10,950,297,268,86,69,52,45,13,14,95,11,36,075,32688
1470,835,57,171,159,151,122,86,23,43,23,0,635,215,183,68,57,34,16,14,21,27,0,36,075,46822
555,350,7,85,114,46,24,24,11,15,24,0,205,94,30,30,33,7,3,0,3,5,0,36,075,47691
857,496,83,86,89,102,21,5,31,23,56,0,361,110,85,44,30,15,8,22,7,40,0,36,075,50342
387,225,12,45,39,51,50,10,6,3,9,0,162,47,33,20,28,11,0,4,4,15,0,36,075,55453
3847,2344,182,625,429,315,293,72,116,162,150,0,1503,574,315,188,198,76,27,23,44,48,10,36,075,55574
1345,849,84,166,133,113,105,86,28,55,79,0,496,205,129,83,9,0,25,13,23,9,0,36,075,55585
1025,576,25,71,82,116,106,61,29,14,72,0,449,120,163,66,34,13,6,14,11,22,0,36,075,56154
767,525,52,82,84,111,38,75,26,34,23,0,242,81,28,42,9,17,7,15,6,11,26,36,075,56352
195,74,0,9,16,24,11,3,0,2,9,0,121,62,15,12,11,6,5,4,3,3,0,36,075,60873
1444,884,62,150,143,137,115,61,58,77,75,6,560,171,131,67,63,27,14,13,0,74,0,36,075,61533
1242,572,65,111,149,84,73,34,4,31,21,0,670,253,126,91,59,34,48,4,31,24,0,36,075,65079
2325,1536,106,369,226,160,186,114,75,105,172,23,789,333,155,87,13,33,48,18,16,64,22,36,075,65618
2168,1184,31,368,299,125,137,12,32,44,136,0,984,427,170,111,109,54,17,27,17,34,18,36,075,65992
1660,1104,168,147,282,121,148,81,25,48,84,0,556,223,131,68,24,33,0,0,25,42,10,36,075,77662
1346,756,21,139,203,66,56,20,94,57,100,0,590,156,137,47,29,56,28,30,28,79,0,36,075,80500
376,205,6,50,53,29,35,3,6,0,23,0,171,35,37,30,12,11,18,3,3,15,7,36,075,82073
351,162,25,31,21,25,11,19,6,9,15,0,189,84,23,38,12,6,0,3,11,9,3,36,077,11209
627,310,18,38,66,56,21,6,13,13,79,0,317,129,51,36,25,14,0,22,10,27,3,36,077,11528
433,224,10,45,36,36,31,19,11,5,28,3,209,84,43,20,15,19,11,4,4,9,0,36,077,15253
107,51,0,6,15,8,5,0,1,4,12,0,56,19,2,8,5,8,0,5,5,2,2,36,077,19895
581,333,31,41,75,46,37,40,20,11,32,0,248,102,65,18,26,10,3,9,6,9,0,36,077,23613
353,171,34,40,17,8,37,5,4,13,13,0,182,63,24,18,23,5,12,8,2,15,12,36,077,24845
628,374,24,66,105,58,29,23,0,26,43,0,254,73,54,23,27,10,17,17,7,26,0,36,077,32589
928,548,61,61,124,38,34,81,20,55,52,22,380,94,77,80,62,16,7,14,0,18,12,36,077,41531
571,292,10,48,40,62,25,15,20,17,52,3,279,86,43,31,42,0,13,28,20,13,3,36,077,45920
668,309,21,47,28,51,30,33,20,13,66,0,359,141,105,40,23,8,10,27,0,0,5,36,077,46910
908,558,53,69,79,73,83,29,26,83,61,2,350,144,51,41,30,18,0,4,12,20,30,36,077,47240
520,222,7,19,43,52,70,2,12,11,6,0,298,115,76,31,26,23,3,5,8,10,1,36,077,48494
423,240,18,36,48,49,18,17,5,3,46,0,183,76,35,30,13,6,9,4,3,7,0,36,077,50485
1944,1145,115,208,292,110,189,46,54,48,83,0,799,359,212,27,28,29,38,0,56,45,5,36,077,54881
1590,819,72,194,121,98,159,32,3,26,114,0,771,352,112,76,95,0,20,0,44,72,0,36,077,54892
1066,556,23,139,95,33,138,96,19,3,10,0,510,117,120,77,90,34,13,24,32,3,0,36,077,55629
1158,670,51,100,94,86,45,38,29,27,200,0,488,198,74,43,47,21,17,13,15,43,17,36,077,55695
420,186,22,28,36,29,27,21,4,7,12,0,234,96,36,51,12,12,3,11,0,13,0,36,077,58343
286,145,8,41,31,13,6,13,5,7,21,0,141,60,19,29,7,6,4,6,2,4,4,36,077,58420
651,319,26,61,98,38,14,15,10,35,22,0,332,119,92,54,19,7,3,2,10,26,0,36,077,61467
265,100,7,25,7,24,11,4,5,6,11,0,165,62,25,10,13,27,11,4,6,7,0,36,077,63638
399,199,13,24,43,17,37,12,0,12,41,0,200,101,30,26,10,14,3,0,5,11,0,36,077,70310
1420,877,48,183,203,202,45,39,43,36,78,0,543,177,112,51,48,60,14,15,7,59,0,36,077,76012
281,131,0,46,21,17,16,8,3,13,7,0,150,45,33,23,21,15,2,0,4,7,0,36,077,79972
772,358,30,47,79,38,43,31,28,41,21,0,414,151,84,35,19,47,24,19,11,24,0,36,077,83129
9498,6865,206,504,1279,1044,905,737,547,366,1268,9,2633,605,630,404,172,191,187,63,97,284,0,36,079,12529
4116,3071,73,333,454,347,435,359,275,250,545,0,1045,233,218,147,172,46,70,28,39,92,0,36,079,39331
3041,2266,25,201,387,458,279,211,156,162,348,39,775,211,234,130,21,73,0,41,37,21,7,36,079,56748
2887,1939,108,219,267,281,267,188,149,146,309,5,948,244,167,183,95,19,63,15,70,92,0,36,079,57584
3625,2505,99,278,334,302,436,197,125,285,449,0,1120,223,266,85,136,31,59,62,95,132,31,36,079,60147
4794,3385,142,322,631,778,288,282,211,228,503,0,1409,375,246,182,116,116,118,39,37,143,37,36,079,68924
341363,206653,12027,20275,23570,23652,21203,17861,13134,19414,54292,1225,134710,47593,21616,14302,9828,7130,5765,4337,6584,15811,1744,36,081,60323
603,345,22,46,105,52,11,15,17,44,33,0,258,94,52,12,39,20,9,6,0,26,0,36,083,06189
4010,2538,120,579,560,300,373,163,60,211,172,0,1472,716,255,178,90,25,40,20,54,94,0,36,083,10275
5208,3678,180,713,627,576,549,254,153,126,457,43,1530,610,455,173,42,114,54,29,19,34,0,36,083,22117
762,533,33,140,60,112,40,50,36,43,19,0,229,86,45,46,30,6,0,12,0,4,0,36,083,29674
1796,1203,35,275,174,184,231,58,45,64,137,0,593,153,140,100,64,44,27,21,8,36,0,36,083,35463
1529,1020,24,179,176,163,110,99,93,46,130,0,509,200,89,59,51,17,5,28,7,44,9,36,083,49517
3584,2422,203,345,666,390,279,150,110,121,158,0,1162,467,212,189,117,32,15,36,55,36,3,36,083,52100
568,246,11,51,39,33,45,17,14,26,10,0,322,125,80,17,27,31,11,6,7,18,0,36,083,57441
1829,1230,48,140,437,80,145,36,81,43,220,0,599,167,104,25,118,11,42,26,47,49,10,36,083,58398
1319,944,77,128,300,177,96,56,25,28,57,0,375,178,54,45,9,39,7,0,8,35,0,36,083,58805
1654,1154,81,156,221,272,164,7,73,65,94,21,500,146,116,110,45,24,36,0,0,23,0,36,083,61148
2901,2013,202,190,502,277,183,280,134,151,94,0,888,328,147,160,100,0,12,49,20,72,0,36,083,65013
2466,1724,99,237,254,311,237,110,78,103,282,13,742,273,158,122,56,48,27,12,33,13,0,36,083,65486
4030,2674,247,428,575,296,389,207,238,92,202,0,1356,424,282,236,161,97,54,5,29,17,51,36,083,65541
1035,648,45,191,135,71,31,41,63,7,64,0,387,73,131,46,30,58,9,0,14,26,0,36,083,71102
7455,4950,289,683,953,785,675,483,270,322,433,57,2505,754,651,275,170,152,110,57,71,215,50,36,083,75484
114502,79954,3395,7334,11873,11927,9566,6627,4979,6491,16961,801,34548,10245,6624,3970,2952,1949,1772,1210,1433,3835,558,36,085,70915
23384,16135,565,1417,2191,2806,2390,1699,1097,1241,2691,38,7249,1553,1417,1080,715,595,249,171,419,989,61,36,087,15968
7148,5430,138,334,568,943,824,490,378,753,972,30,1718,435,271,333,125,164,74,45,56,201,14,36,087,32765
13016,8441,397,633,1546,1276,1024,783,421,866,1471,24,4575,799,929,703,428,329,232,226,307,567,55,36,087,55211
20437,14722,616,1186,1996,1763,1646,1307,1132,1377,3675,24,5715,1302,959,826,521,433,296,217,380,698,83,36,087,60510
4291,2940,99,349,350,469,385,272,303,234,479,0,1351,213,261,242,140,102,71,78,86,158,0,36,087,71674
682,363,42,85,33,51,28,11,7,60,46,0,319,92,62,98,24,12,5,7,6,13,0,36,089,07938
2307,1038,153,109,195,198,115,69,51,43,105,0,1269,624,211,81,84,32,60,23,42,96,16,36,089,12342
40,12,0,0,0,0,1,7,0,0,4,0,28,21,1,3,0,2,1,0,0,0,0,36,089,15792
239,90,8,7,11,18,2,6,2,0,36,0,149,31,32,47,10,16,0,3,7,2,1,36,089,16287
584,319,22,44,75,35,17,29,28,32,37,0,265,121,51,32,22,12,3,6,3,12,3,36,089,17409
675,287,44,54,54,36,33,6,8,21,11,20,388,148,86,40,22,16,24,0,26,21,5,36,089,20038
262,102,9,33,7,13,6,6,0,6,17,5,160,63,26,23,9,18,2,4,2,7,6,36,089,20335
304,139,14,16,42,11,18,5,8,6,19,0,165,66,30,18,26,4,1,5,12,3,0,36,089,23646
479,198,14,38,46,19,9,20,7,17,25,3,281,127,48,30,23,8,4,16,5,18,2,36,089,25791
719,303,24,77,66,42,13,18,9,31,23,0,416,167,100,32,57,15,4,10,10,9,12,36,089,27100
1499,829,43,216,209,87,95,38,63,12,66,0,670,247,151,43,73,69,11,14,12,50,0,36,089,29608
428,202,25,24,57,23,9,15,1,24,21,3,226,96,32,36,22,7,6,19,1,4,3,36,089,31841
339,156,8,41,36,2,20,8,12,8,21,0,183,57,54,13,13,17,1,7,6,13,2,36,089,34176
365,171,9,21,31,35,16,12,13,10,14,10,194,59,27,38,6,23,9,3,7,22,0,36,089,35595
512,216,7,60,38,27,19,20,17,9,17,2,296,114,51,20,24,19,10,9,7,27,15,36,089,41564
1416,730,38,228,114,128,76,0,42,52,52,0,686,330,118,114,51,20,8,17,10,18,0,36,089,42631
1108,656,64,172,111,60,41,35,27,80,66,0,452,223,121,43,11,26,0,10,0,18,0,36,089,43588
320,137,6,41,22,16,13,3,4,7,25,0,183,84,42,25,12,6,3,3,4,4,0,36,089,44391
492,219,21,40,55,18,20,6,5,10,44,0,273,77,63,24,25,15,28,17,3,21,0,36,089,44490
3387,1890,76,386,616,260,178,64,53,118,124,15,1497,324,342,202,220,95,62,48,55,137,12,36,089,46030
623,352,27,104,49,41,23,38,4,10,56,0,271,121,47,27,18,21,7,7,0,18,5,36,089,48582
1340,639,80,126,130,166,21,17,21,41,37,0,701,245,131,110,40,33,29,12,6,82,13,36,089,51330
2426,1340,122,335,344,180,43,44,17,117,126,12,1086,351,250,194,79,70,17,19,52,39,15,36,089,54485
1413,748,41,150,165,141,57,23,42,31,67,31,665,202,116,109,62,66,14,6,15,40,35,36,089,55563
673,385,47,76,27,51,60,52,20,8,44,0,288,110,104,32,9,0,4,6,5,13,5,36,089,56374
109,50,4,7,12,5,2,5,6,2,7,0,59,21,7,12,5,5,0,1,5,2,1,36,089,57716
888,485,36,79,105,86,37,15,56,24,47,0,403,191,77,49,25,7,19,10,15,10,0,36,089,57771
258,145,6,24,29,18,12,9,8,24,15,0,113,39,29,13,15,4,2,0,4,4,3,36,089,58266
2924,1765,151,430,468,224,145,116,28,50,153,0,1159,523,179,160,81,64,21,34,17,61,19,36,089,59575
239,116,4,9,24,18,11,6,2,17,25,0,123,28,22,21,16,0,2,7,2,24,1,36,089,63858
623,289,65,53,45,14,26,25,11,19,31,0,334,127,84,42,32,18,13,0,3,8,7,36,089,64221
1260,740,35,72,66,174,105,13,84,42,149,0,520,223,98,76,21,23,0,21,15,30,13,36,089,71410
658,370,48,74,84,59,43,7,6,18,31,0,288,150,45,22,14,9,2,8,3,29,6,36,089,77739
2880,2009,172,425,387,380,208,116,96,56,169,0,871,425,212,76,51,8,19,26,17,28,9,36,091,04220
1557,870,59,102,193,167,107,64,42,78,58,0,687,238,150,150,28,41,13,25,16,26,0,36,091,13926
11615,8285,663,1571,1956,1442,929,667,292,346,413,6,3330,1674,614,411,257,118,51,56,22,127,0,36,091,16353
1901,1146,77,269,178,231,97,65,70,64,95,0,755,249,171,114,47,62,17,5,30,60,0,36,091,18223
331,136,2,21,24,17,8,12,11,12,27,2,195,68,28,37,18,13,5,11,7,4,4,36,091,19807
615,332,8,77,56,41,35,13,23,24,55,0,283,133,35,35,37,3,13,3,16,8,0,36,091,23591
1311,756,47,106,158,159,86,89,43,20,37,11,555,187,108,77,29,38,28,0,36,42,10,36,091,28112
2508,1763,71,251,370,290,288,163,82,66,182,0,745,205,144,137,28,31,16,40,25,108,11,36,091,30444
587,424,36,64,90,30,44,38,15,63,44,0,163,44,48,8,11,5,5,6,36,0,0,36,091,31269
6382,4164,421,604,981,658,558,209,135,262,294,42,2218,977,406,163,198,99,61,47,34,200,33,36,091,31489
4607,3357,204,482,802,709,259,421,56,109,315,0,1250,525,115,293,99,47,31,49,16,30,45,36,091,44743
812,519,37,97,89,77,67,23,0,78,51,0,293,92,50,28,38,10,4,6,8,57,0,36,091,46360
5496,3556,215,467,916,650,409,233,174,138,318,36,1940,647,285,404,104,119,31,96,81,159,14,36,091,47537
4230,2586,140,490,648,524,253,162,110,46,203,10,1644,660,234,242,244,59,55,33,39,78,0,36,091,48318
1661,1212,65,200,281,220,163,59,44,31,149,0,449,174,105,69,41,31,14,0,8,7,0,36,091,53737
739,464,17,77,86,53,58,58,5,16,94,0,275,123,45,14,32,20,23,4,3,8,3,36,091,59949
1637,1135,70,151,243,253,124,102,80,44,68,0,502,140,131,80,17,30,13,7,32,52,0,36,091,65244
6556,4231,405,627,859,669,419,225,218,248,561,0,2325,919,601,311,105,91,84,63,59,92,0,36,091,65255
2653,1717,51,324,391,306,128,104,151,85,177,0,936,250,240,131,52,117,73,15,29,26,3,36,091,71333
2098,1395,114,231,247,210,212,114,94,74,93,6,703,306,155,98,51,37,18,0,0,27,11,36,091,78531
4923,3548,228,626,844,524,293,224,224,243,287,55,1375,523,200,191,63,67,13,32,74,212,0,36,091,82403
1725,1106,64,148,220,206,230,82,41,67,48,0,619,238,118,92,0,48,0,1,45,77,0,36,093,21006
8348,5546,268,955,1387,906,629,363,324,297,358,59,2802,985,653,395,178,196,69,84,33,133,76,36,093,29366
6240,4205,304,581,1114,893,413,235,218,222,225,0,2035,835,454,236,133,102,42,55,47,119,12,36,093,51264
643,388,22,55,116,60,68,10,19,23,15,0,255,87,57,28,21,20,14,0,4,13,11,36,093,59861
8373,5510,313,709,1138,1055,601,528,272,377,513,4,2863,1154,541,406,306,93,92,53,106,97,15,36,093,63935
11668,7756,354,1086,1421,1489,832,577,473,500,999,25,3912,1171,788,546,456,271,134,103,175,223,45,36,093,65508
107,57,2,3,8,4,11,2,7,12,8,0,50,23,8,3,1,6,6,0,2,0,1,36,095,06893
344,163,6,7,30,9,36,19,3,27,26,0,181,46,28,31,33,15,5,0,5,18,0,36,095,10154
525,350,3,60,42,65,60,24,30,26,40,0,175,66,43,8,10,17,4,9,9,5,4,36,095,12452
1152,568,23,118,169,101,37,33,23,8,56,0,584,136,120,108,52,87,42,13,14,12,0,36,095,16639
292,144,11,22,18,17,19,7,16,4,30,0,148,52,36,22,16,2,0,4,2,14,0,36,095,17651
583,313,14,60,45,40,58,31,39,11,14,1,270,92,54,24,16,18,18,0,9,25,14,36,095,24724
437,242,12,33,45,14,20,34,12,21,48,3,195,41,52,18,23,3,19,3,3,24,9,36,095,27826
428,276,29,65,68,37,24,10,12,7,24,0,152,68,51,5,12,0,6,6,0,4,0,36,095,28981
484,275,23,47,35,46,20,16,22,38,25,3,209,45,48,24,9,25,20,6,0,32,0,36,095,38440
1290,715,19,56,133,143,87,59,48,18,149,3,575,208,92,16,51,31,48,33,32,30,34,36,095,46855
684,390,4,96,22,87,53,34,20,16,58,0,294,56,72,68,30,14,3,7,18,21,5,36,095,61599
959,566,9,94,117,157,6,61,15,25,82,0,393,109,87,82,58,0,17,0,3,37,0,36,095,65596
574,352,27,44,47,57,38,28,19,28,60,4,222,64,40,40,27,10,8,4,6,20,3,36,095,66542
508,268,9,54,37,27,26,25,15,15,49,11,240,51,40,47,30,11,7,3,22,29,0,36,095,66641
409,255,20,37,24,58,30,33,13,6,34,0,154,55,14,18,10,12,8,3,13,11,10,36,095,72070
511,291,12,42,50,54,30,12,25,21,42,3,220,74,64,22,11,5,9,12,12,11,0,36,095,83195
543,291,19,59,113,20,23,14,10,14,19,0,252,74,54,40,19,11,17,4,22,9,2,36,097,12914
127,64,2,11,11,1,9,4,1,10,15,0,63,25,5,16,5,6,2,2,0,2,0,36,097,13112
1125,601,62,102,66,116,82,11,8,5,118,31,524,201,123,86,35,12,27,10,13,17,0,36,097,20676
1807,1000,62,122,290,187,101,35,3,28,172,0,807,306,181,165,34,39,38,1,0,43,0,36,097,33073
638,362,39,83,78,78,24,13,16,16,15,0,276,44,69,60,43,18,8,3,3,21,7,36,097,48186
483,251,30,40,41,18,19,21,6,10,66,0,232,77,56,19,40,7,0,3,3,16,11,36,097,55156
553,307,45,49,57,51,19,12,26,17,28,3,246,119,45,40,11,0,13,7,0,11,0,36,097,60763
491,170,26,30,38,28,3,14,12,4,15,0,321,149,55,47,14,16,8,9,3,17,3,36,097,75924
791,398,21,88,64,76,62,16,20,18,33,0,393,138,92,47,28,25,17,4,11,22,9,36,099,18663
1299,673,70,77,132,201,41,27,36,19,70,0,626,209,95,52,49,74,46,37,12,51,1,36,099,25505
0,0,0,0,0,0,0,0,0,0,0,0,0,0,0,0,0,0,0,0,0,0,0,36,099,28640
470,257,7,46,84,32,16,16,22,12,22,0,213,84,39,17,23,16,1,11,12,7,3,36,099,38858
600,321,34,62,62,55,44,15,6,17,26,0,279,97,56,41,32,0,9,4,22,16,2,36,099,43225
706,351,19,75,70,31,49,26,17,31,33,0,355,117,51,64,19,18,17,10,5,54,0,36,099,55827
542,278,11,83,30,28,28,49,9,23,17,0,264,107,22,55,17,10,12,24,0,16,1,36,099,63440
2515,1499,186,318,240,214,218,132,55,76,60,0,1016,413,202,119,64,47,81,28,27,35,0,36,099,66333
319,181,3,46,46,22,21,2,2,10,29,0,138,61,32,5,11,5,2,2,8,9,3,36,099,75902
585,337,37,52,63,49,50,23,6,11,44,2,248,71,70,34,10,11,15,10,6,14,7,36,099,76958
2095,1189,102,325,254,178,112,55,20,86,49,8,906,319,153,162,96,83,32,0,18,43,0,36,099,78564
714,448,34,104,92,61,73,13,19,20,32,0,266,79,69,27,15,16,17,22,2,19,0,36,101,00287
665,329,24,67,63,60,15,15,17,17,36,15,336,119,79,31,21,41,5,10,14,16,0,36,101,03342
3128,1478,105,188,382,330,149,118,39,52,115,0,1650,558,327,166,175,77,120,38,43,112,34,36,101,04770
274,144,2,43,15,9,23,3,22,7,20,0,130,43,24,17,15,12,0,2,3,14,0,36,101,07740
288,131,10,13,17,26,20,0,4,21,20,0,157,80,21,23,9,4,2,9,0,9,0,36,101,11880
1185,555,25,48,120,115,91,9,37,11,99,0,630,273,106,116,48,23,18,9,12,25,0,36,101,11946
1020,431,39,138,105,60,48,5,13,6,17,0,589,280,105,66,37,28,19,4,19,25,6,36,101,12265
675,340,27,67,100,67,18,8,16,13,24,0,335,106,64,53,30,13,4,8,6,47,4,36,101,12991
769,445,42,96,70,62,54,45,5,27,44,0,324,91,95,58,40,17,2,4,7,10,0,36,101,16738
2565,1524,108,402,349,167,98,64,114,80,142,0,1041,442,240,59,74,51,65,22,6,72,10,36,101,18256
1948,1151,126,286,177,179,136,105,37,55,49,1,797,277,297,77,47,30,9,10,16,32,2,36,101,18267
607,326,9,57,62,56,28,36,15,25,38,0,281,84,88,35,8,12,10,6,16,22,0,36,101,19675
2239,1236,106,286,230,169,176,25,84,32,128,0,1003,484,222,111,26,29,27,4,46,54,0,36,101,24647
374,152,9,28,53,14,7,22,12,7,0,0,222,70,67,17,23,18,9,7,5,6,0,36,101,27551
248,108,16,25,26,21,4,0,0,5,11,0,140,59,34,19,6,5,2,2,0,10,3,36,101,30741
238,138,2,42,23,26,15,11,3,7,9,0,100,37,18,25,5,4,4,2,2,3,0,36,101,32567
610,297,14,67,50,78,12,14,22,18,22,0,313,81,90,40,21,15,22,7,12,25,0,36,101,35661
1814,955,79,228,223,163,66,107,17,48,24,0,859,479,122,98,85,19,20,0,21,15,0,36,101,35672
1367,476,61,154,86,45,44,26,16,28,16,0,891,305,193,70,104,50,26,13,9,110,11,36,101,35683
484,196,13,65,32,39,8,10,6,15,8,0,288,115,83,18,29,9,0,0,0,31,3,36,101,35837
363,155,0,35,22,31,13,4,16,9,25,0,208,87,60,4,6,22,9,6,0,11,3,36,101,38319
642,354,9,105,63,60,24,25,19,14,35,0,288,136,44,26,21,15,11,12,3,7,13,36,101,42576
740,344,11,112,42,46,50,10,32,7,34,0,396,129,129,52,23,26,0,7,0,24,6,36,101,59718
530,274,35,67,49,32,21,28,0,0,42,0,256,86,44,19,7,18,3,10,16,51,2,36,101,59982
327,142,13,24,16,9,8,4,13,20,31,4,185,53,57,15,10,15,4,14,3,14,0,36,101,60653
434,200,9,30,74,20,25,19,3,5,15,0,234,98,30,29,26,12,9,10,4,13,3,36,101,73836
328,163,3,20,49,13,22,19,8,10,19,0,165,34,49,23,14,10,8,4,9,10,4,36,101,75440
460,210,12,31,42,56,9,3,9,9,32,7,250,62,35,44,31,13,0,18,10,37,0,36,101,75737
725,322,34,117,43,33,31,9,31,2,22,0,403,181,57,64,63,7,22,0,4,5,0,36,101,76496
1280,774,55,140,202,96,87,56,44,58,36,0,506,190,133,49,26,27,39,3,25,14,0,36,101,78861
423,206,35,34,24,26,32,19,4,0,32,0,217,71,42,34,22,15,9,0,3,21,0,36,101,78883
93,33,5,4,3,5,6,2,2,2,4,0,60,22,10,7,2,6,3,0,4,6,0,36,101,81105
417,224,15,33,63,20,22,30,8,14,19,0,193,57,38,34,3,13,22,7,4,15,0,36,101,81457
571,283,23,72,58,31,21,5,7,43,23,0,288,137,57,32,3,6,6,16,14,14,3,36,101,82843
50024,35738,1170,2485,4683,5196,4531,3945,2651,3588,7251,238,14286,2212,2513,2061,1546,1038,842,572,900,2534,68,36,103,04000
126614,91358,2567,7746,12233,15002,12353,9309,6576,8107,17127,338,35256,6430,6806,5203,3558,2498,1525,1806,1919,5085,426,36,103,10000
7602,4309,369,456,518,331,384,341,179,374,1335,22,3293,1103,559,352,226,205,116,58,181,375,118,36,103,22194
58243,39093,1780,4175,5439,5856,4834,3504,2731,2934,7621,219,19150,3783,3563,2657,1968,1142,1247,749,1050,2776,215,36,103,37000
76451,55251,1349,4538,7832,9389,7287,4825,4349,4853,10644,185,21200,3982,3794,3343,1981,1347,1386,917,1238,3063,149,36,103,38000
155,27,0,0,4,3,0,0,0,18,2,0,128,33,16,11,11,7,4,11,7,19,9,36,103,59106
10068,5533,123,544,665,850,748,452,277,417,1398,59,4535,862,619,803,379,373,229,195,279,764,32,36,103,61984
954,589,74,42,115,43,80,45,51,39,100,0,365,147,95,0,22,39,6,9,8,39,0,36,103,66839
14,0,0,0,0,0,0,0,0,0,0,0,14,11,0,3,0,0,0,0,0,0,0,36,103,67059
34886,23585,970,2383,3511,3774,3520,2101,1502,1983,3755,86,11301,2102,2454,1769,939,724,625,418,638,1584,48,36,103,68000
16569,9918,657,895,1222,1139,1215,649,654,882,2478,127,6651,1734,1374,744,606,367,342,228,390,824,42,36,103,68473
7602,3987,218,539,604,598,397,416,272,255,671,17,3615,945,547,545,375,206,166,134,183,501,13,36,103,69463
1239,660,45,49,66,87,16,95,47,84,171,0,579,241,89,89,25,44,17,23,20,31,0,36,105,06310
967,525,4,73,74,39,24,166,31,9,96,9,442,133,71,104,39,1,20,17,1,56,0,36,105,11759
491,214,21,48,21,26,32,24,3,24,15,0,277,83,60,18,48,6,2,17,19,21,3,36,105,16661
788,325,44,35,78,17,48,17,14,19,53,0,463,87,147,73,26,8,33,10,6,73,0,36,105,20104
2387,1377,91,196,273,120,135,207,92,109,131,23,1010,230,179,147,59,89,38,34,86,148,0,36,105,25241
336,190,15,28,32,35,21,2,3,20,34,0,146,57,33,10,11,7,18,2,2,6,0,36,105,26528
461,187,4,32,19,29,25,24,12,21,21,0,274,74,61,50,28,20,11,0,0,25,5,36,105,27573
769,457,40,42,44,92,64,32,18,26,77,22,312,126,56,13,15,36,0,5,11,33,17,36,105,34473
1940,974,75,140,161,116,61,133,26,43,214,5,966,266,190,58,94,41,15,94,33,175,0,36,105,42235
770,511,24,30,75,95,40,28,45,75,99,0,259,41,45,47,5,30,39,23,17,12,0,36,105,43786
3153,1845,51,240,320,189,193,133,62,207,422,28,1308,244,286,169,155,89,52,49,100,147,17,36,105,44809
1025,563,91,57,99,112,64,37,15,55,33,0,462,200,122,22,8,22,32,21,7,21,7,36,105,49847
1051,508,16,119,135,60,25,20,22,72,39,0,543,177,61,83,58,50,40,35,13,17,9,36,105,63176
2916,1397,58,181,260,160,169,132,110,94,212,21,1519,432,246,154,159,165,61,28,97,164,13,36,105,73627
469,200,14,26,26,16,45,5,11,15,39,3,269,64,43,48,19,31,14,4,11,32,3,36,105,75759
2388,1279,211,236,311,166,72,63,58,8,154,0,1109,429,208,115,87,71,31,28,45,69,26,36,107,04671
462,232,18,44,34,35,15,15,27,16,28,0,230,82,55,29,3,2,21,9,5,24,0,36,107,06145
1597,747,87,131,160,120,65,39,50,42,53,0,850,282,148,132,81,40,12,0,84,71,0,36,107,12221
1247,742,126,155,119,98,70,37,46,6,85,0,505,177,141,42,36,10,5,14,49,19,12,36,107,49913
843,390,27,119,98,26,10,23,42,28,17,0,453,156,144,60,43,14,0,7,9,15,5,36,107,51121
6073,3416,419,527,903,588,197,218,129,245,190,0,2657,1137,651,189,265,85,36,40,81,151,22,36,107,55893
385,161,14,38,27,26,3,23,6,10,14,0,224,82,48,24,17,6,2,8,7,21,9,36,107,61511
877,442,22,61,77,48,70,78,15,44,27,0,435,155,56,44,77,27,11,4,17,44,0,36,107,70178
1543,815,155,122,157,113,65,65,17,35,86,0,728,333,37,100,60,55,12,65,13,53,0,36,107,73968
934,572,17,96,82,80,130,60,16,60,31,0,362,129,16,121,32,0,16,32,16,0,0,36,109,12606
1366,749,106,107,138,72,102,83,18,51,72,0,617,208,93,95,89,18,0,36,15,63,0,36,109,19620
4067,2156,144,285,631,335,284,92,97,133,152,3,1911,829,406,217,97,132,90,7,28,83,22,36,109,20962
1185,621,32,103,122,64,92,31,58,29,90,0,564,243,132,61,54,15,26,0,33,0,0,36,109,24548
1747,1016,61,262,171,246,70,58,20,45,83,0,731,307,144,70,58,70,17,8,35,11,11,36,109,30972
2437,1625,109,295,358,321,76,115,83,83,167,18,812,272,204,131,52,26,20,0,28,47,32,36,109,38077
3320,2036,180,367,277,384,209,160,97,111,251,0,1284,598,291,128,115,51,18,20,42,21,0,36,109,38088
2918,1816,125,281,516,236,167,167,41,96,187,0,1102,366,239,177,126,16,108,0,37,33,0,36,109,41234
1541,1072,25,276,203,113,83,49,119,117,87,0,469,169,85,88,0,57,0,0,30,40,0,36,109,50254
1660,970,49,181,227,155,82,50,60,55,106,5,690,173,173,125,42,72,14,16,34,41,0,36,109,75990
159,75,2,13,2,6,10,11,5,10,16,0,84,33,12,9,8,2,2,3,4,11,0,36,111,20247
2366,1380,32,378,223,203,187,71,64,51,138,33,986,268,177,238,105,69,9,17,26,77,0,36,111,24691
1631,1198,31,104,215,126,85,91,134,70,342,0,433,116,83,46,68,0,0,15,0,105,0,36,111,28255
68,26,2,3,2,2,0,0,4,7,6,0,42,10,2,8,2,2,2,2,6,8,0,36,111,32116
2481,1425,117,153,271,231,102,161,97,77,208,8,1056,400,141,170,87,31,98,33,24,72,0,36,111,37143
4331,2608,161,287,498,335,370,268,187,80,420,2,1723,284,314,245,229,113,134,49,169,154,32,36,111,39727
353,212,2,30,47,15,26,25,15,16,31,5,141,41,39,13,6,17,8,0,6,11,0,36,111,39738
2912,1868,87,192,316,278,319,181,69,90,326,10,1044,247,196,216,110,69,18,15,77,96,0,36,111,42994
2016,1180,66,123,207,144,161,136,35,48,243,17,836,146,147,111,76,114,26,41,0,109,66,36,111,45458
2423,1512,71,117,137,314,249,84,122,132,276,10,911,231,102,105,147,59,44,18,25,180,0,36,111,45722
2543,1624,131,158,259,276,190,100,60,128,316,6,919,231,191,160,60,68,58,28,43,75,5,36,111,50562
1529,909,107,90,93,224,76,130,80,46,63,0,620,216,69,40,26,58,46,35,21,94,15,36,111,54749
3049,1731,57,134,191,208,297,269,68,109,398,0,1318,246,328,177,94,57,100,34,44,229,9,36,111,58552
2312,1434,77,112,189,157,222,129,139,122,277,10,878,346,181,131,46,24,33,0,42,64,11,36,111,63011
1773,1030,74,172,131,154,113,44,67,84,191,0,743,219,234,90,30,51,26,5,37,51,0,36,111,63737
5263,3001,129,285,491,605,493,212,167,266,353,0,2262,471,447,333,254,183,103,108,120,234,9,36,111,65299
1170,547,33,85,91,64,76,41,8,23,126,0,623,222,109,74,56,55,37,18,33,10,9,36,111,66597
3236,2416,56,361,443,294,408,306,51,228,236,33,820,175,215,112,39,81,20,102,0,59,17,36,111,66674
3498,1793,129,181,282,215,158,209,128,147,344,0,1705,535,292,182,117,128,73,60,100,189,29,36,111,75935
2919,1765,103,187,349,237,317,59,77,134,302,0,1154,291,220,139,144,95,29,96,22,118,0,36,111,78828
2311,1378,106,194,190,225,117,87,144,54,254,7,933,285,139,96,84,39,39,15,70,139,27,36,111,83052
802,419,45,40,47,19,73,55,32,20,88,0,383,80,124,16,59,24,18,11,6,45,0,36,113,07234
1111,623,61,53,81,68,77,61,36,19,167,0,488,226,79,25,60,21,9,20,15,33,0,36,113,15319
3205,2176,76,363,325,480,311,152,128,159,178,4,1029,298,249,170,71,99,20,21,64,37,0,36,113,29333
332,137,8,17,5,15,8,14,11,28,31,0,195,85,36,16,28,10,0,0,2,15,3,36,113,31335
667,286,12,46,45,45,34,12,22,22,48,0,381,202,62,61,8,3,14,0,6,19,6,36,113,35639
591,330,11,12,41,64,35,67,9,40,51,0,261,110,51,11,17,24,12,0,0,36,0,36,113,38715
1115,667,52,130,52,102,56,66,53,40,116,0,448,169,63,86,22,18,26,10,21,33,0,36,113,40519
1017,544,26,90,95,116,36,34,8,53,75,11,473,189,91,9,29,13,27,0,9,96,10,36,113,40662
8229,5235,395,869,1047,874,626,308,318,303,479,16,2994,1188,524,493,170,183,48,88,82,211,7,36,113,60356
271,121,9,23,25,11,11,9,2,7,24,0,150,60,36,15,13,10,2,6,3,5,0,36,113,71641
429,210,16,67,23,29,15,17,9,17,13,4,219,68,44,28,25,16,4,10,8,13,3,36,113,73814
1268,582,18,118,134,116,74,29,7,37,49,0,686,324,78,76,51,35,15,0,35,42,30,36,113,78300
1263,721,41,81,133,99,141,46,82,35,63,0,542,199,94,89,18,9,1,32,38,32,30,36,115,02561
681,417,33,43,79,92,42,50,11,39,28,0,264,68,61,47,25,17,8,0,14,24,0,36,115,11836
203,107,11,14,21,24,17,2,0,6,12,0,96,31,14,13,5,0,6,2,2,20,3,36,115,20885
799,450,27,124,81,50,40,24,22,20,62,0,349,91,83,89,33,6,14,6,0,27,0,36,115,22656
1187,570,13,92,79,216,42,1,22,29,76,0,617,229,131,89,53,5,0,5,18,62,25,36,115,26715
1531,1084,53,102,179,168,238,100,34,88,122,0,447,104,188,45,15,16,30,0,18,31,0,36,115,26781
1735,864,34,154,146,101,96,127,89,31,86,0,871,153,307,131,63,93,72,16,11,25,0,36,115,30037
1445,885,53,113,244,78,99,80,60,63,95,0,560,224,56,50,35,48,26,35,35,51,0,36,115,30686
276,146,7,26,36,12,9,16,2,13,22,3,130,50,36,11,6,0,4,2,12,7,2,36,115,31885
707,484,25,54,106,58,48,60,20,33,80,0,223,101,43,30,24,14,0,4,0,7,0,36,115,32457
674,366,27,71,42,43,39,15,14,33,82,0,308,87,92,32,14,21,5,3,29,23,2,36,115,33040
664,310,7,27,53,52,37,30,27,19,58,0,354,99,78,37,56,13,19,8,15,29,0,36,115,38143
2806,1817,54,368,550,228,158,131,59,105,164,0,989,412,181,171,60,37,31,0,14,44,39,36,115,39650
297,139,16,30,27,19,4,7,0,15,21,0,158,67,22,11,6,16,5,11,7,13,0,36,115,60092
951,534,49,69,91,94,74,34,13,52,58,0,417,111,117,64,39,13,38,5,6,24,0,36,115,64782
1108,687,5,73,119,106,72,35,47,59,171,0,421,70,85,77,45,29,33,19,15,43,5,36,115,81578
1041,523,17,95,138,64,6,24,41,84,54,0,518,173,112,67,9,55,21,34,9,32,6,36,115,81633
0,0,0,0,0,0,0,0,0,0,0,0,0,0,0,0,0,0,0,0,0,0,0,36,117,00000
3736,2349,79,309,582,316,277,206,51,154,375,0,1387,399,318,233,192,63,15,25,41,84,17,36,117,02440
573,267,14,45,60,39,31,22,12,13,31,0,306,80,85,60,24,19,18,0,3,15,2,36,117,11473
1155,592,45,98,119,111,98,25,34,27,35,0,563,192,159,69,48,6,6,12,7,37,27,36,117,28013
671,374,18,65,113,49,22,43,15,23,26,0,297,81,81,29,69,19,2,0,16,0,0,36,117,37165
1548,920,44,109,313,142,104,82,32,41,53,0,628,143,201,156,11,9,25,0,8,75,0,36,117,43973
2822,1880,132,179,583,390,229,88,99,103,77,0,942,269,222,64,119,89,34,15,32,84,14,36,117,44160
1651,1015,90,207,215,186,118,101,35,20,43,0,636,231,170,98,51,33,9,9,20,15,0,36,117,45645
3485,2240,202,499,452,330,168,129,177,97,171,15,1245,339,278,286,169,58,26,25,0,53,11,36,117,55013
2246,1363,88,226,357,209,138,101,42,85,117,0,883,319,145,183,40,53,22,38,59,24,0,36,117,56198
731,365,38,46,75,61,51,23,9,31,26,5,366,95,96,96,43,11,0,0,0,25,0,36,117,63605
497,233,25,44,48,35,28,20,10,9,14,0,264,81,54,36,35,15,11,3,6,20,3,36,117,65343
2423,1526,84,255,245,243,167,151,75,117,180,9,897,234,124,178,111,31,34,44,28,88,25,36,117,68220
3101,2186,153,372,523,301,217,137,102,106,275,0,915,269,245,219,28,60,28,7,44,15,0,36,117,78102
2121,1389,118,223,282,256,116,91,88,71,144,0,732,197,197,96,77,7,33,80,12,33,0,36,117,82040
1277,595,44,138,174,90,19,21,45,18,46,0,682,211,164,104,83,10,0,49,29,29,3,36,117,82689
4204,2987,352,447,382,456,300,271,119,141,519,0,1217,356,162,134,130,132,46,34,71,152,0,36,119,05320
11383,7595,288,995,1312,1500,744,697,497,548,1014,0,3788,796,699,597,343,261,189,99,181,578,45,36,119,18410
9468,5826,630,783,1148,698,612,430,261,586,645,33,3642,1233,444,333,274,172,173,101,225,671,16,36,119,21820
24001,15990,1116,2256,2538,2246,1806,1307,957,1311,2310,143,8011,2533,1064,1081,794,393,360,295,347,1056,88,36,119,30367
5441,3373,308,472,521,344,253,232,158,329,724,32,2068,511,240,306,205,179,131,53,132,289,22,36,119,32413
4181,3064,177,401,406,540,358,153,318,223,488,0,1117,339,165,201,72,69,31,20,40,161,19,36,119,42136
7339,4733,517,718,925,638,558,275,146,261,695,0,2606,885,448,210,202,122,90,60,183,380,26,36,119,44842
2192,1278,183,147,282,170,80,72,160,67,105,12,914,272,159,146,75,45,29,9,79,89,11,36,119,48895
9798,6526,322,632,1006,984,900,689,480,553,960,0,3272,701,458,379,371,271,151,130,214,590,7,36,119,49011
9825,6922,422,561,535,833,639,463,434,931,2009,95,2903,807,299,301,275,243,127,137,155,526,33,36,119,49121
5345,3709,391,346,670,595,359,235,287,241,576,9,1636,541,253,233,125,88,58,68,14,208,48,36,119,50078
14021,9120,612,1061,1292,1153,854,897,430,628,2142,51,4901,1483,774,445,354,318,242,124,223,881,57,36,119,50617
3547,2492,337,262,328,470,185,221,160,156,369,4,1055,247,230,114,118,109,20,10,65,123,19,36,119,51693
1514,1077,68,118,131,253,178,36,50,57,186,0,437,88,126,18,89,19,9,0,28,60,0,36,119,53517
7505,5354,329,470,776,721,550,533,382,364,1222,7,2151,494,406,230,174,216,108,106,116,281,20,36,119,55541
4464,3179,164,316,481,482,399,413,215,171,513,25,1285,229,246,176,101,158,87,34,86,168,0,36,119,56979
3046,2167,210,281,340,272,227,150,120,169,385,13,879,223,110,115,54,41,47,68,47,161,13,36,119,57012
1633,1213,142,202,131,125,91,126,97,130,169,0,420,127,81,22,96,7,8,15,0,64,0,36,119,59685
3972,2550,349,395,257,339,263,180,171,211,385,0,1422,665,82,141,78,71,65,56,34,225,5,36,119,64309
8349,5525,296,465,780,714,493,488,556,547,1139,47,2824,541,478,156,273,254,105,77,234,691,15,36,119,64320
4860,3071,518,565,373,351,318,159,129,166,485,7,1789,730,298,179,69,181,85,58,56,133,0,36,119,65442
6870,4426,290,495,740,743,446,390,225,394,687,16,2444,480,548,350,282,200,124,103,114,233,10,36,119,68308
11309,7142,618,946,1011,958,935,563,315,482,1213,101,4167,1359,620,569,289,335,144,148,139,508,56,36,119,81677
34721,22080,1836,2773,2788,3075,2271,1716,1691,1575,4034,321,12641,3624,2017,1338,983,859,638,395,517,2142,128,36,119,84000
11016,7558,192,587,1204,1251,997,883,614,581,1222,27,3458,735,535,602,316,244,128,265,217,380,36,36,119,84077
1352,814,25,161,242,92,85,30,44,40,90,5,538,227,77,55,28,46,21,23,41,20,0,36,121,02418
1052,682,44,200,113,98,47,62,36,21,61,0,370,171,96,24,33,11,20,4,3,8,0,36,121,03012
1209,710,32,163,112,143,101,39,9,29,82,0,499,184,104,32,60,39,19,12,9,40,0,36,121,05936
1019,514,31,109,140,73,50,33,18,22,38,0,505,218,94,41,34,23,9,8,48,24,6,36,121,12782
377,208,6,46,28,53,32,14,17,12,0,0,169,79,24,18,16,6,6,4,2,14,0,36,121,18696
447,259,38,41,48,49,28,14,11,6,24,0,188,64,64,18,4,11,14,4,3,4,2,36,121,21369
711,413,52,95,96,35,55,3,5,42,30,0,298,104,64,42,34,4,23,9,2,11,5,36,121,27980
147,75,6,16,10,17,8,5,2,11,0,0,72,31,18,8,4,0,1,0,0,5,5,36,121,28596
670,423,27,68,71,86,62,39,9,31,27,3,247,72,60,36,20,5,10,20,3,17,4,36,121,38341
483,299,16,58,54,54,29,23,2,19,44,0,184,78,36,22,7,10,3,4,2,9,13,36,121,46877
562,344,16,52,83,75,32,35,6,25,20,0,218,71,45,38,21,13,3,0,13,11,3,36,121,55222
1252,760,60,171,174,175,31,20,8,25,68,28,492,232,104,44,9,37,0,26,25,8,7,36,121,57254
363,197,8,16,33,50,24,26,13,11,16,0,166,58,47,27,11,3,0,0,11,9,0,36,121,57826
790,459,6,123,118,82,39,14,6,24,42,5,331,130,91,45,24,13,5,8,5,10,0,36,121,66773
1270,759,85,162,233,127,35,50,31,3,33,0,511,260,49,83,2,54,3,13,34,0,13,36,121,78344
232,139,11,27,18,31,19,15,3,3,10,2,93,44,22,4,10,7,0,0,4,2,0,36,121,81325
540,254,19,23,26,35,36,30,7,30,48,0,286,125,50,21,6,25,14,15,13,10,7,36,123,04594
781,421,15,109,69,82,34,29,17,5,61,0,360,180,74,21,20,10,10,12,5,28,0,36,123,06002
394,204,10,32,44,31,20,23,9,5,20,10,190,81,36,15,21,3,3,5,3,23,0,36,123,38044
1266,628,45,130,142,84,72,38,20,5,83,9,638,262,79,66,109,6,29,22,12,44,9,36,123,38583
487,281,14,56,44,40,41,11,10,38,27,0,206,75,19,32,28,4,6,3,7,32,0,36,123,47020
1960,966,85,145,183,158,79,111,51,59,95,0,994,371,187,100,142,62,40,32,32,28,0,36,123,47504
546,298,11,46,67,33,76,18,7,10,30,0,248,103,50,39,21,7,9,2,8,9,0,36,123,59597
857,487,62,175,65,55,29,25,11,17,48,0,370,220,50,33,7,3,32,3,4,15,3,36,123,70816
515,298,26,47,47,36,47,14,26,6,49,0,217,82,50,25,14,16,3,3,9,15,0,36,123,75055
